{"type":"FeatureCollection","features":[{"type":"Feature","properties":{"name":"Bayern","country":"DE"},"geometry":{"type":"Polygon","coordinates":[[[10.45444,47.5557964],[10.5711058,47.5334723],[10.5979477,47.5697413],[10.6910027,47.5587703],[10.6945958,47.5447809],[10.7510481,47.537277],[10.777508,47.5139211],[10.890311,47.5373142],[10.918007,47.5136312],[10.8719887,47.5003627],[10.8700396,47.483255],[10.9371742,47.4811371],[10.9295387,47.4702317],[10.9836122,47.4300177],[10.9718964,47.3995575],[11.114824,47.3954556],[11.1280711,47.4121964],[11.2069902,47.4339396],[11.2534161,47.4282377],[11.2249594,47.3952524],[11.2698847,47.3975653],[11.290057,47.4072642],[11.2910304,47.4270797],[11.3386129,47.4499229],[11.4211938,47.4445915],[11.4094382,47.4667359],[11.3838429,47.4723745],[11.44209,47.517917],[11.5056645,47.5047271],[11.5724166,47.5145064],[11.6057627,47.5810794],[11.6334888,47.5805894],[11.6361799,47.5945549],[11.8440415,47.5812118],[11.8549553,47.6023579],[12.0085326,47.6251781],[12.0219093,47.611083],[12.2039614,47.6067646],[12.1624246,47.701167],[12.2036359,47.7074327],[12.2570286,47.7430345],[12.2649807,47.7325165],[12.2412609,47.6943766],[12.2552499,47.6794511],[12.3380351,47.697055],[12.3636175,47.6838421],[12.4400708,47.6952305],[12.440743,47.6739052],[12.4991695,47.6251006],[12.5750269,47.6323152],[12.6073437,47.6737269],[12.7321173,47.6796706],[12.7572069,47.6630364],[12.7811652,47.6738182],[12.7585755,47.6515501],[12.8244836,47.6121071],[12.7791497,47.5791416],[12.7943155,47.5570041],[12.8476923,47.5459785],[12.9087264,47.4969431],[12.9681513,47.474451],[12.9780077,47.4846889],[13.0066207,47.4643842],[13.0476465,47.4921627],[13.0472929,47.521496],[13.0309363,47.5325623],[13.0574986,47.5621479],[13.0436523,47.5833636],[13.0706416,47.586978],[13.062619,47.6014623],[13.0989358,47.6351717],[13.0807484,47.6870338],[13.0183382,47.7228752],[12.9738047,47.7071526],[12.9052586,47.7234349],[12.9448157,47.7644088],[12.9296018,47.7729835],[13.0033609,47.8500223],[12.938171,47.9432828],[12.8739101,47.9639227],[12.8502052,48.016211],[12.7594809,48.0751672],[12.7581257,48.1260686],[12.7869191,48.1237109],[12.8700508,48.2013101],[12.9561334,48.209281],[13.0216802,48.2578178],[13.1808424,48.2949917],[13.2562164,48.29356],[13.329798,48.3235141],[13.4113572,48.3747104],[13.4393132,48.4308398],[13.4269976,48.456641],[13.4581768,48.5119092],[13.4378394,48.5574418],[13.4753731,48.5560605],[13.5089626,48.5905995],[13.730522,48.514768],[13.7540706,48.5635695],[13.7701003,48.553588],[13.800936,48.5735982],[13.8012792,48.5973942],[13.8257977,48.6185765],[13.8135045,48.6918408],[13.8374328,48.7005483],[13.7948921,48.715082],[13.8395522,48.7716181],[13.8033882,48.7808224],[13.8152291,48.7970883],[13.7929373,48.8301132],[13.7644187,48.8344761],[13.7379281,48.8860154],[13.6759377,48.8787337],[13.655475,48.8935723],[13.6224887,48.9388049],[13.6286031,48.9492428],[13.610246,48.9386224],[13.5839023,48.9692081],[13.5292744,48.9740487],[13.5070632,48.9691174],[13.5082742,48.9421373],[13.4957716,48.9414885],[13.4027237,48.9872228],[13.3973711,49.0506602],[13.2891825,49.1186351],[13.2360593,49.113716],[13.1827758,49.1344848],[13.1708972,49.1736229],[13.1098872,49.203129],[13.1141769,49.218257],[13.0862112,49.2291202],[13.0808139,49.2474086],[13.0339821,49.2639295],[13.029112,49.3043286],[12.9452855,49.343796],[12.8800206,49.3503964],[12.8868463,49.3323503],[12.7857821,49.3454643],[12.7576677,49.3948022],[12.7087041,49.4247596],[12.6555517,49.4347994],[12.6336481,49.476153],[12.6441959,49.5229662],[12.5885412,49.5384773],[12.5607429,49.6196089],[12.5281036,49.6181021],[12.5219866,49.6864438],[12.442452,49.7038203],[12.4005551,49.7538049],[12.4726514,49.78611],[12.4730575,49.833671],[12.4979799,49.8375275],[12.4978642,49.8569369],[12.5500296,49.9015379],[12.5476758,49.920496],[12.4749313,49.9385224],[12.499559,49.972049],[12.4671639,49.9928141],[12.4314804,49.984392],[12.43165,50.0025102],[12.3396569,50.0393299],[12.325875,50.032833],[12.317282,50.0533724],[12.2609865,50.0584442],[12.2754135,50.0764724],[12.1995681,50.1108275],[12.1951627,50.1431687],[12.2159721,50.168205],[12.1971689,50.1989943],[12.1596936,50.2112316],[12.1510777,50.2357163],[12.09058,50.2523901],[12.1391088,50.2761261],[12.1260326,50.3072409],[12.0913088,50.3325205],[12.0489462,50.323751],[12.0147296,50.3476315],[11.9727268,50.3520634],[11.9837187,50.3898533],[11.9488583,50.3951971],[11.9541101,50.4075343],[11.9349229,50.4236526],[11.8245222,50.3897329],[11.8253235,50.4041424],[11.7803678,50.4188269],[11.6245136,50.3867535],[11.5731878,50.4001537],[11.55965,50.3838526],[11.5194652,50.3739938],[11.5184662,50.3959722],[11.4781647,50.4010185],[11.4818616,50.4316567],[11.4435947,50.4206842],[11.4513711,50.4313212],[11.4197676,50.444562],[11.4187579,50.4933775],[11.4410633,50.5002321],[11.4276203,50.5139489],[11.3467213,50.5214416],[11.2917456,50.4751401],[11.2891437,50.4855228],[11.2473231,50.4778948],[11.2461848,50.4491746],[11.2680323,50.4346215],[11.2583652,50.3998037],[11.2841372,50.3606746],[11.2622865,50.3523598],[11.2770524,50.3360317],[11.26132,50.3378874],[11.2704564,50.3070848],[11.2513631,50.2989543],[11.2531027,50.2678525],[11.197841,50.2917584],[11.1879882,50.2691968],[11.1453436,50.2852849],[11.1311101,50.3090426],[11.1595094,50.3302269],[11.138986,50.3536018],[11.1161602,50.3498221],[11.1154177,50.3669314],[11.0430217,50.3447614],[11.0333529,50.3613436],[10.9933577,50.3653943],[10.9989009,50.3502676],[10.9858687,50.347333],[10.9372391,50.3921579],[10.8932131,50.3801715],[10.8760946,50.396647],[10.8304723,50.3927122],[10.7854811,50.3852036],[10.7545725,50.3580936],[10.715275,50.363687],[10.714021,50.3461221],[10.7294282,50.3446902],[10.7141868,50.3250658],[10.7694936,50.2931176],[10.802478,50.2919696],[10.804201,50.2796103],[10.8465719,50.2761917],[10.8518489,50.2513889],[10.824645,50.2375101],[10.800432,50.2515455],[10.769392,50.2407598],[10.7322621,50.2517977],[10.7312034,50.2129127],[10.7174795,50.2043467],[10.6598477,50.231424],[10.6121063,50.2241248],[10.5971274,50.2461163],[10.6115312,50.2495443],[10.5981132,50.26264],[10.6073676,50.2720667],[10.5909426,50.2717984],[10.6049656,50.2931003],[10.5923067,50.3081615],[10.6011878,50.3339103],[10.5578888,50.3391937],[10.5445605,50.3643005],[10.4918573,50.3542216],[10.4912685,50.3750935],[10.4635383,50.3762038],[10.4497823,50.4030838],[10.3947913,50.3933346],[10.383923,50.408608],[10.4040873,50.424896],[10.3705927,50.4317839],[10.381186,50.4392679],[10.3360284,50.4658496],[10.3307162,50.494362],[10.2301048,50.5113028],[10.2321547,50.5310145],[10.2039942,50.5546467],[10.137249,50.5428371],[10.1062239,50.5632937],[10.0734115,50.5269027],[10.0397067,50.515655],[10.0335212,50.4811675],[9.9577453,50.4232654],[9.8600299,50.397544],[9.8024162,50.4240651],[9.7602506,50.4249613],[9.7330014,50.3561446],[9.7474105,50.3133535],[9.7033759,50.2807214],[9.6485654,50.2660812],[9.6375032,50.2506784],[9.6635617,50.2340649],[9.5828903,50.221331],[9.5013447,50.2431423],[9.4946811,50.22673],[9.5162052,50.194727],[9.4981327,50.1755911],[9.5311601,50.16086],[9.5073644,50.1454567],[9.5129314,50.0942994],[9.4127419,50.0833278],[9.3764168,50.1305154],[9.2214981,50.1494538],[9.1831677,50.1380008],[9.1899062,50.1262827],[9.1487146,50.0902561],[9.1537264,50.1177173],[9.1185159,50.1266162],[9.0183707,50.1115446],[8.9763851,50.0498277],[9.0295395,50.0408599],[9.0352128,50.004329],[9.0510956,49.994618],[9.0141627,49.9913827],[9.032233,49.9245949],[9.0233658,49.9101449],[9.050522,49.8672938],[9.0332187,49.86658],[9.0378022,49.8426151],[9.0601073,49.8461689],[9.0651965,49.8318319],[9.0852609,49.8476753],[9.0771755,49.8183657],[9.0906194,49.7907479],[9.1321529,49.7941926],[9.1068885,49.758743],[9.1505795,49.7426753],[9.1212298,49.7146401],[9.1277228,49.7003472],[9.0896464,49.6931719],[9.1021906,49.6426021],[9.0689136,49.6226777],[9.0664827,49.6023224],[9.1173769,49.5737877],[9.1945585,49.573901],[9.2491449,49.5846632],[9.2851194,49.6148066],[9.2717961,49.6347563],[9.3040521,49.6549217],[9.4061042,49.6454627],[9.4194815,49.6588727],[9.3969649,49.6718961],[9.4223348,49.6961426],[9.399843,49.7296522],[9.3803358,49.7261367],[9.3806713,49.7054203],[9.357625,49.7041604],[9.3442726,49.7186997],[9.3739958,49.7280384],[9.2956877,49.7404603],[9.322903,49.7435879],[9.3163428,49.7683356],[9.3909973,49.7703155],[9.4224965,49.789454],[9.4571643,49.7694421],[9.5031001,49.7883985],[9.5151024,49.7630945],[9.5445229,49.7669311],[9.5632983,49.7442236],[9.5606629,49.7801531],[9.648822,49.7912772],[9.6469452,49.739156],[9.6255119,49.7316317],[9.6420332,49.7234499],[9.6254973,49.7034193],[9.6532653,49.6870997],[9.6761252,49.6933846],[9.677039,49.7163248],[9.71049,49.72705],[9.7394169,49.6882036],[9.7528671,49.7101144],[9.7999073,49.730973],[9.8406623,49.6835884],[9.8232995,49.6721968],[9.8304006,49.6506108],[9.8554802,49.6415296],[9.8728281,49.6100355],[9.811188,49.5560589],[9.8593252,49.5459197],[9.8751375,49.5785386],[9.9122295,49.5857217],[9.8978667,49.5625783],[9.9273963,49.5510205],[9.9139274,49.4931884],[9.9516953,49.4804787],[10.020093,49.4850304],[10.0281632,49.5039989],[10.0526411,49.5098349],[10.0397758,49.528906],[10.0616718,49.5451492],[10.087446,49.5422595],[10.0825041,49.5111732],[10.1212506,49.511018],[10.1002771,49.4913714],[10.12217,49.4637897],[10.0948792,49.4480655],[10.1331224,49.437935],[10.1524869,49.411628],[10.1388983,49.4030881],[10.1617526,49.3952708],[10.1071726,49.3788747],[10.1246346,49.3558628],[10.106759,49.3529282],[10.1071186,49.3324194],[10.139836,49.327066],[10.1322813,49.3003899],[10.1566491,49.2811208],[10.1093011,49.2578387],[10.1331117,49.2532452],[10.1198432,49.2469684],[10.1405208,49.208792],[10.1248645,49.1988658],[10.1813356,49.1825656],[10.1968289,49.1557628],[10.2181176,49.1634809],[10.2481538,49.1492601],[10.25711,49.1290247],[10.2039944,49.0973769],[10.2504695,49.092333],[10.2340183,49.0763071],[10.2655266,49.0617425],[10.250337,49.0404228],[10.3501379,49.0283424],[10.3540692,49.0047239],[10.4119956,48.9785819],[10.403842,48.9668668],[10.4105746,48.969709],[10.4202402,48.9683655],[10.4568403,48.9204496],[10.4212612,48.906051],[10.4533478,48.8901737],[10.4525811,48.853299],[10.4264462,48.837],[10.4480028,48.8318458],[10.450678,48.8113395],[10.4209892,48.7991276],[10.4310829,48.7702414],[10.4121073,48.7705173],[10.4282908,48.7559205],[10.4159736,48.7478619],[10.4479584,48.7274739],[10.463965,48.7362708],[10.4549224,48.7293733],[10.4831888,48.7085328],[10.4716601,48.7028445],[10.4952642,48.6871931],[10.410505,48.660995],[10.42275,48.6905271],[10.4394824,48.6934996],[10.406221,48.6982386],[10.3610564,48.6528483],[10.3375833,48.6888514],[10.3163179,48.6824827],[10.2687178,48.7036749],[10.2543358,48.6645242],[10.3230487,48.60903],[10.2931128,48.5897433],[10.3107077,48.5768925],[10.3016091,48.5371722],[10.3120672,48.522946],[10.2308562,48.5105505],[10.2416219,48.491849],[10.1809776,48.4754384],[10.1723608,48.459216],[10.1338477,48.4548928],[10.1051546,48.4775965],[10.0632584,48.4543113],[10.0314134,48.4574985],[10.0279009,48.4368804],[10.0417202,48.4298968],[9.9674293,48.3742096],[10.0000562,48.3638505],[9.9981046,48.3475907],[10.0656504,48.2815875],[10.0637525,48.2347815],[10.107208,48.13235],[10.1407065,48.0977316],[10.1349158,48.0173579],[10.1160036,47.9763763],[10.0848569,47.9603984],[10.1112579,47.9349321],[10.0955965,47.8848902],[10.107111,47.8785045],[10.0769768,47.8678991],[10.0831421,47.8556267],[10.1054665,47.8643486],[10.0924261,47.844472],[10.107453,47.8530485],[10.1379499,47.8096731],[10.0914394,47.8044221],[10.0650548,47.7849157],[10.1190203,47.7594847],[10.115637,47.7187681],[10.1397796,47.7028637],[10.1301574,47.6768474],[10.0900335,47.6734443],[10.0771902,47.6390512],[10.0597713,47.6800284],[10.0304278,47.6745344],[10.0280209,47.6878075],[9.9594095,47.6520943],[9.840425,47.677494],[9.7492041,47.6029327],[9.7458153,47.6172068],[9.706384,47.6017385],[9.6582523,47.6120659],[9.5587204,47.5418932],[9.6803509,47.5233579],[9.7347836,47.5339558],[9.7656021,47.5890994],[9.7999863,47.5961014],[9.8272819,47.579972],[9.8157872,47.5476661],[9.8745052,47.5285372],[9.8812471,47.5481426],[9.9218947,47.5296364],[9.9707109,47.5457143],[9.965262,47.5208928],[9.9956949,47.5027787],[10.0007641,47.4821056],[10.0447745,47.4876222],[10.0699906,47.4559503],[10.091638,47.4589276],[10.1055856,47.4287167],[10.0691405,47.410176],[10.0998516,47.3547618],[10.1193354,47.375613],[10.1658749,47.3688749],[10.181849,47.3924258],[10.2361856,47.3819213],[10.1995092,47.3264601],[10.2159718,47.311064],[10.172077,47.2790762],[10.2323656,47.2705777],[10.3303332,47.3048155],[10.39473,47.3756053],[10.4367645,47.3803634],[10.4374211,47.412688],[10.4759458,47.4322233],[10.4679703,47.4771102],[10.4313005,47.5037634],[10.45444,47.5557964]],[[10.45444,47.5557964],[10.428999,47.5776114],[10.4820072,47.584485],[10.4707128,47.5797253],[10.45444,47.5557964]]]}},{"type":"Feature","properties":{"name":"Baden-Württemberg","country":"DE"},"geometry":{"type":"MultiPolygon","coordinates":[[[[7.5117461,47.6977751],[7.5223293,47.6625274],[7.5657175,47.6333852],[7.604882,47.5778737],[7.6938017,47.6007754],[7.6717499,47.5872757],[7.6896532,47.571398],[7.6859288,47.5656151],[7.6339456,47.5612038],[7.6826824,47.5326294],[7.7956885,47.5573798],[7.8230877,47.5879889],[7.8920737,47.5874286],[7.9119627,47.550778],[7.9441343,47.5438868],[7.959886,47.5581315],[8.0893075,47.5577144],[8.1098117,47.5825518],[8.205258,47.6210331],[8.2265032,47.6050427],[8.2887253,47.6102306],[8.3237777,47.5729333],[8.3822022,47.5657252],[8.4947484,47.5810328],[8.4668689,47.5842478],[8.456675,47.6023273],[8.5083464,47.6175191],[8.5172569,47.6342498],[8.5578837,47.6244557],[8.5745245,47.6119662],[8.5622076,47.6002879],[8.5825769,47.5961396],[8.6050053,47.6135041],[8.5960437,47.643279],[8.6288129,47.6493554],[8.6066137,47.6721473],[8.5324839,47.6628338],[8.5317933,47.6457482],[8.4737228,47.649686],[8.4735033,47.6384045],[8.4659722,47.6572477],[8.4055969,47.6741847],[8.4207895,47.6838697],[8.404648,47.6980305],[8.4549449,47.7224527],[8.4500978,47.7389646],[8.4734918,47.7643248],[8.5773306,47.7816659],[8.5619961,47.7925954],[8.5680278,47.8084543],[8.6186022,47.7983226],[8.63167,47.7581859],[8.6529527,47.7734033],[8.6568629,47.8004409],[8.6810329,47.7866054],[8.6887083,47.7583597],[8.7273264,47.7622674],[8.7414378,47.7481844],[8.7111578,47.7301379],[8.7362915,47.7163367],[8.7280231,47.6927644],[8.7885976,47.675481],[8.8101129,47.693353],[8.7693763,47.7068542],[8.7697526,47.7184628],[8.8066759,47.7382776],[8.8190533,47.712776],[8.8727418,47.7040746],[8.8515348,47.6976179],[8.850564,47.6811719],[8.8937116,47.6483615],[9.0236995,47.6868581],[9.1759711,47.6539842],[9.2565609,47.6587076],[9.3947139,47.6203261],[9.4956038,47.5514551],[9.5587204,47.5418932],[9.6582523,47.6120659],[9.706384,47.6017385],[9.7458153,47.6172068],[9.7492041,47.6029327],[9.840425,47.677494],[9.9594095,47.6520943],[10.0280209,47.6878075],[10.0304278,47.6745344],[10.0597713,47.6800284],[10.0771902,47.6390512],[10.0900335,47.6734443],[10.1137666,47.6662631],[10.1397131,47.6991598],[10.115637,47.7187681],[10.1190203,47.7594847],[10.0650548,47.7849157],[10.1379499,47.8096731],[10.107453,47.8530485],[10.0924261,47.844472],[10.1054665,47.8643486],[10.0831421,47.8556267],[10.0769768,47.8678991],[10.107111,47.8785045],[10.0955965,47.8848902],[10.1112579,47.9349321],[10.0848569,47.9603984],[10.1160036,47.9763763],[10.1349158,48.0173579],[10.1407065,48.0977316],[10.107208,48.13235],[10.0637525,48.2347815],[10.0656504,48.2815875],[9.9981046,48.3475907],[10.0000562,48.3638505],[9.9674293,48.3742096],[10.0417202,48.4298968],[10.0279009,48.4368804],[10.0314134,48.4574985],[10.0632584,48.4543113],[10.1051546,48.4775965],[10.1338477,48.4548928],[10.1723608,48.459216],[10.1809776,48.4754384],[10.2416219,48.491849],[10.2308562,48.5105505],[10.3120672,48.522946],[10.3016091,48.5371722],[10.3107077,48.5768925],[10.2931128,48.5897433],[10.3230487,48.60903],[10.2543358,48.6645242],[10.2687178,48.7036749],[10.3163179,48.6824827],[10.3375833,48.6888514],[10.3510934,48.6546502],[10.3610564,48.6528483],[10.406221,48.6982386],[10.4394824,48.6934996],[10.42275,48.6905271],[10.410505,48.660995],[10.4952642,48.6871931],[10.4716601,48.7028445],[10.4831888,48.7085328],[10.4549224,48.7293733],[10.463965,48.7362708],[10.4479584,48.7274739],[10.4158902,48.748285],[10.4282908,48.7559205],[10.4121401,48.7713718],[10.4343505,48.7763761],[10.4209892,48.7991276],[10.450678,48.8113395],[10.4492878,48.8303664],[10.4274056,48.8428688],[10.4538565,48.8603268],[10.4533478,48.8901737],[10.4212612,48.906051],[10.4569049,48.9170578],[10.4379249,48.9331792],[10.4514721,48.9386996],[10.403842,48.9668668],[10.4119956,48.9785819],[10.3820157,48.9992305],[10.3540692,49.0047239],[10.3501379,49.0283424],[10.250337,49.0404228],[10.2655266,49.0617425],[10.2340183,49.0763071],[10.2504695,49.092333],[10.2039944,49.0973769],[10.25711,49.1290247],[10.2481538,49.1492601],[10.2181176,49.1634809],[10.1968289,49.1557628],[10.1813356,49.1825656],[10.1248645,49.1988658],[10.1405208,49.208792],[10.1198432,49.2469684],[10.1331117,49.2532452],[10.1093011,49.2578387],[10.1566491,49.2811208],[10.1322813,49.3003899],[10.139836,49.327066],[10.1071186,49.3324194],[10.106759,49.3529282],[10.1246346,49.3558628],[10.1071726,49.3788747],[10.1617526,49.3952708],[10.1388983,49.4030881],[10.1524869,49.411628],[10.1331224,49.437935],[10.0948792,49.4480655],[10.12217,49.4637897],[10.1002771,49.4913714],[10.1212506,49.511018],[10.0825041,49.5111732],[10.087446,49.5422595],[10.0616718,49.5451492],[10.0397758,49.528906],[10.0526411,49.5098349],[10.0281632,49.5039989],[10.020093,49.4850304],[9.9266985,49.4846447],[9.9137362,49.4939579],[9.9251105,49.5600796],[9.8978667,49.5625783],[9.9122295,49.5857217],[9.8751375,49.5785386],[9.8593252,49.5459197],[9.8100844,49.5572561],[9.8728281,49.6100355],[9.8554802,49.6415296],[9.8304006,49.6506108],[9.8232995,49.6721968],[9.8406623,49.6835884],[9.7999073,49.730973],[9.7528671,49.7101144],[9.7394169,49.6882036],[9.71049,49.72705],[9.677039,49.7163248],[9.6761252,49.6933846],[9.6322749,49.6931902],[9.6420332,49.7234499],[9.6255119,49.7316317],[9.6469452,49.739156],[9.648822,49.7912772],[9.5606629,49.7801531],[9.5640815,49.7442513],[9.5445229,49.7669311],[9.5155664,49.7627575],[9.5014753,49.7887501],[9.4585434,49.769509],[9.4240935,49.7896056],[9.3909973,49.7703155],[9.3158122,49.7681218],[9.322903,49.7435879],[9.2960637,49.7386511],[9.3739958,49.7280384],[9.3442726,49.7186997],[9.357625,49.7041604],[9.3806713,49.7054203],[9.3856787,49.7319234],[9.4186951,49.7117778],[9.4207119,49.6909118],[9.3969649,49.6718961],[9.4164537,49.6537682],[9.3837451,49.6427809],[9.366756,49.6583897],[9.3432329,49.6442512],[9.3040521,49.6549217],[9.2717961,49.6347563],[9.2851194,49.6148066],[9.2404386,49.5814596],[9.1077324,49.579174],[9.0982367,49.5604732],[9.0738633,49.5751221],[9.0835439,49.5436021],[9.1262862,49.5167632],[9.1060171,49.5097972],[9.0997925,49.5261931],[9.0642234,49.530291],[9.0411767,49.4984673],[8.9516666,49.5053561],[8.9542082,49.4818944],[8.931494,49.4705528],[8.9516633,49.4560115],[8.9040762,49.4456271],[8.8508097,49.3952716],[8.8033912,49.4028363],[8.8059582,49.4189794],[8.8364301,49.4304926],[8.8253233,49.4675238],[8.8518416,49.4837518],[8.8765471,49.4664335],[8.9006521,49.484806],[8.9002475,49.5031774],[8.8319197,49.491369],[8.8170581,49.5057953],[8.8220527,49.524523],[8.7985014,49.5113703],[8.7280951,49.5184392],[8.6803104,49.5758311],[8.6983469,49.5996435],[8.6798308,49.6040799],[8.668927,49.6128322],[8.6775857,49.6139365],[8.6786373,49.6099719],[8.681607,49.6088857],[8.6831895,49.6087773],[8.6847913,49.6079855],[8.6857829,49.6080241],[8.6926648,49.6235905],[8.6781563,49.6256966],[8.5940497,49.6102292],[8.6194978,49.5468143],[8.581299,49.519817],[8.5422176,49.5281369],[8.4645374,49.5895065],[8.4224969,49.5837268],[8.4148994,49.5534979],[8.463894,49.4706789],[8.4423792,49.4508119],[8.5081753,49.4347929],[8.4963777,49.4022479],[8.4635494,49.3844979],[8.4724731,49.3732915],[8.5005922,49.389],[8.4967039,49.3639746],[8.4502566,49.3241758],[8.4882614,49.2919145],[8.3891349,49.2338318],[8.385159,49.2188974],[8.4053451,49.2203977],[8.3681413,49.1675551],[8.358781,49.0989368],[8.311236,49.0533888],[8.2861797,48.9967795],[8.1961214,48.9563254],[8.1324824,48.8837725],[8.0930267,48.8070981],[8.0303996,48.7872538],[8.0126661,48.7603131],[7.9723745,48.7581731],[7.9643601,48.7225509],[7.8903447,48.6628567],[7.8417394,48.6435419],[7.8025705,48.5894651],[7.8056264,48.5149277],[7.7679863,48.4892414],[7.7321729,48.3936866],[7.7441674,48.326665],[7.6935421,48.3016364],[7.6665374,48.2215601],[7.5774065,48.1201988],[7.5689009,48.0345704],[7.6218969,47.9724992],[7.5565784,47.8780364],[7.5630584,47.8428844],[7.5298458,47.7801006],[7.5484116,47.7319414],[7.5117461,47.6977751]],[[8.6778808,49.6140403],[8.6748933,49.6208036],[8.6883436,49.6198193],[8.6778808,49.6140403]]],[[[8.6586078,47.6913387],[8.6699501,47.6848539],[8.7178729,47.6906896],[8.7012698,47.7151988],[8.6646644,47.7133619],[8.6763153,47.6975544],[8.6586078,47.6913387]]],[[[8.6781819,49.6095497],[8.6799607,49.6083143],[8.6808526,49.608783],[8.6781819,49.6095497]]],[[[8.6821629,49.6197696],[8.6835939,49.6184635],[8.6844231,49.619986],[8.6821629,49.6197696]]]]}},{"type":"Feature","properties":{"name":"Nordrhein-Westfalen","country":"DE"},"geometry":{"type":"MultiPolygon","coordinates":[[[[5.8663153,51.0511035],[5.8788079,51.0179629],[5.9055175,51.002172],[5.8970856,50.974865],[6.0265118,50.983272],[6.0051985,50.9567766],[6.0182017,50.9347014],[6.0940813,50.920828],[6.0751817,50.8929527],[6.0881023,50.8724269],[6.0741694,50.8465363],[6.0554396,50.8572374],[6.0189249,50.8462664],[6.0249638,50.8140311],[5.9748212,50.7980624],[6.0276617,50.7741646],[6.0183606,50.763356],[6.0404419,50.7455029],[6.0394373,50.7183827],[6.1146963,50.7222756],[6.1658332,50.6621373],[6.1880198,50.6646724],[6.192422,50.6642682],[6.1947508,50.6630436],[6.1965774,50.6591283],[6.1962331,50.6576258],[6.183682,50.6469087],[6.1867612,50.6406063],[6.2303759,50.6492891],[6.2342551,50.6484809],[6.2456793,50.6407709],[6.2615787,50.6433376],[6.2643119,50.6431135],[6.2663779,50.6420759],[6.2741086,50.6298731],[6.2687333,50.6186996],[6.2360126,50.5661576],[6.234107,50.5639906],[6.2275589,50.5616887],[6.2268453,50.5566654],[6.2248063,50.5549469],[6.2103954,50.5539933],[6.2076981,50.5467091],[6.1983175,50.5394725],[6.1970516,50.5304054],[6.199295,50.5274655],[6.2031081,50.5264383],[6.2073103,50.5230842],[6.2266176,50.4943501],[6.2696638,50.5045446],[6.3512886,50.4882882],[6.340405,50.462265],[6.3718156,50.4555075],[6.3774642,50.4388086],[6.3429402,50.3802489],[6.3994597,50.344949],[6.4055299,50.3233337],[6.426093,50.3228458],[6.4243251,50.3337344],[6.3847833,50.3840301],[6.4129888,50.3896242],[6.4210357,50.3686055],[6.460498,50.3608116],[6.4515046,50.335478],[6.6033425,50.3881849],[6.6038021,50.3752456],[6.6269681,50.3729513],[6.6237278,50.3516753],[6.6503063,50.3481237],[6.6684759,50.3717572],[6.6986535,50.3356966],[6.8024113,50.3673913],[6.7694907,50.3930117],[6.7850021,50.4206838],[6.7454146,50.4362903],[6.7665425,50.4583439],[6.7449217,50.4732432],[6.8008583,50.4913672],[6.8120264,50.4722089],[6.8677931,50.4561315],[6.9016081,50.4690616],[6.9055536,50.4849991],[6.8822305,50.5270102],[6.9300506,50.5331226],[6.9306531,50.5604374],[6.9980456,50.5650075],[7.056152,50.6062659],[7.0903771,50.5859149],[7.1153337,50.6120132],[7.1478302,50.6003191],[7.1894752,50.623856],[7.202917,50.6498917],[7.2125909,50.6233498],[7.334364,50.6379378],[7.359362,50.6507378],[7.3720923,50.6819257],[7.3574117,50.6979845],[7.3742135,50.7182219],[7.436596,50.7098538],[7.5514866,50.7465847],[7.5843966,50.7387272],[7.6010069,50.7676031],[7.6555233,50.7680539],[7.6827597,50.79427],[7.6593349,50.8201875],[7.700156,50.8255542],[7.7298516,50.8513128],[7.7626679,50.8446605],[7.7483033,50.8671165],[7.7601608,50.9003094],[7.7352161,50.9176253],[7.7926985,50.9423049],[7.8491592,50.9278604],[7.8287614,50.8821025],[7.9779414,50.83387],[7.9643087,50.7833957],[8.0403011,50.7268758],[8.0389315,50.6968958],[8.0793916,50.7066116],[8.125833,50.6858539],[8.1669242,50.7360786],[8.1255004,50.7882854],[8.2704265,50.8825392],[8.2920337,50.8821275],[8.3054345,50.8609976],[8.3584059,50.8607129],[8.387499,50.8917511],[8.4597233,50.9196728],[8.4577183,50.9660063],[8.5382284,51.0200488],[8.5205331,51.0433219],[8.5038718,51.040501],[8.526935,51.0629741],[8.5026273,51.074692],[8.5080882,51.08546],[8.5509328,51.1038818],[8.6555446,51.0946527],[8.719554,51.1101859],[8.6920772,51.1323107],[8.7577651,51.177202],[8.7495288,51.1979546],[8.7684086,51.2089382],[8.7411094,51.2186117],[8.7274478,51.2500001],[8.737103,51.2610884],[8.7212737,51.2749816],[8.5895335,51.2495983],[8.5564302,51.2773529],[8.6050039,51.3237748],[8.653764,51.3397528],[8.6902941,51.3758126],[8.9392668,51.3888415],[8.9488382,51.4249112],[8.9186337,51.4302278],[8.9216187,51.4459039],[8.8907548,51.47776],[8.9054127,51.4901484],[9.0204903,51.5189199],[9.0389563,51.5019338],[9.0924186,51.4944312],[9.0770786,51.464632],[9.0892771,51.4465552],[9.1459867,51.4415481],[9.185316,51.4665361],[9.216291,51.459895],[9.2164812,51.4811872],[9.2402172,51.4973865],[9.3086112,51.5123843],[9.3164171,51.5525769],[9.373613,51.5914753],[9.3368708,51.6145851],[9.445424,51.6439139],[9.3745188,51.6497891],[9.401791,51.7035151],[9.3753141,51.7437309],[9.4492577,51.7947421],[9.4273489,51.8113211],[9.4427911,51.8284136],[9.433391,51.8414787],[9.4616354,51.8585702],[9.3647548,51.8648819],[9.3349385,51.8540245],[9.3229623,51.8549553],[9.3444282,51.8800987],[9.3411262,51.907828],[9.2743343,51.9296915],[9.2771791,51.9438046],[9.2632052,51.9466676],[9.2864774,51.9570707],[9.27388,51.9741517],[9.2171244,51.9741482],[9.2089312,51.9598529],[9.1760787,51.9806173],[9.1967716,52.0126577],[9.1740351,52.0592314],[9.1940335,52.0696682],[9.1551444,52.0975942],[9.1344313,52.0942523],[9.1537202,52.1287976],[9.067472,52.1497015],[9.0109776,52.1363864],[9.0219955,52.1715084],[8.985776,52.1946473],[9.0456646,52.1832017],[9.0370645,52.2241328],[9.0767387,52.2336173],[8.9745609,52.2625091],[8.9786583,52.2748314],[8.9633174,52.2788475],[8.9880206,52.2873994],[8.9983846,52.3261977],[9.0281674,52.3456362],[9.0595266,52.3392386],[9.1226827,52.4032228],[9.1235468,52.4229686],[9.0945517,52.4431393],[9.1383195,52.4754105],[9.0993633,52.4971298],[9.0529891,52.5003055],[9.0170142,52.460145],[8.9784793,52.4506777],[8.9873473,52.4323819],[8.939588,52.4153731],[8.9367343,52.4018621],[8.8925576,52.4057506],[8.8534638,52.389492],[8.7055547,52.395373],[8.7182737,52.4290388],[8.703108,52.4436445],[8.7019788,52.5032706],[8.6522952,52.5314935],[8.5573385,52.4990723],[8.5087993,52.5148327],[8.4589646,52.4916645],[8.4543988,52.4608929],[8.4180989,52.444564],[8.2971067,52.4564749],[8.3221014,52.4261166],[8.3120801,52.4068237],[8.4419505,52.3614767],[8.4707677,52.3155232],[8.4579002,52.3025155],[8.4685127,52.247606],[8.4421822,52.2136804],[8.5173184,52.1851628],[8.4109,52.1366642],[8.4050648,52.1113618],[8.267788,52.1319122],[8.1929167,52.072384],[8.1518059,52.0764281],[8.0962792,52.05713],[8.033386,52.0683844],[7.9810389,52.0358861],[7.9168535,52.0518722],[7.884976,52.083254],[8.0079558,52.115444],[7.9973152,52.1544373],[8.0230999,52.1600792],[8.0170704,52.1720529],[7.9336049,52.1766079],[7.8996978,52.2068623],[7.9261641,52.2251419],[7.9244319,52.2623458],[7.9574513,52.2726292],[7.9310711,52.2863582],[7.9319553,52.3017463],[7.990958,52.3094093],[7.9488831,52.3346864],[7.9367822,52.3650821],[7.8918697,52.3806368],[7.8066845,52.371522],[7.7138185,52.4009901],[7.6833902,52.4575279],[7.60423,52.4750082],[7.5643075,52.432218],[7.6043233,52.4209409],[7.5826529,52.4035451],[7.5820871,52.3765568],[7.505451,52.3608325],[7.2979559,52.2639215],[7.1557702,52.2663768],[7.0390943,52.2275742],[6.9891143,52.2268431],[6.9512454,52.1810579],[6.8804583,52.1560095],[6.855474,52.1204621],[6.7605724,52.1187799],[6.7509235,52.0850364],[6.6946628,52.0698004],[6.687854,52.0398551],[6.7529773,52.0284056],[6.8266075,51.9935274],[6.8328017,51.9718066],[6.7324516,51.8987],[6.683994,51.9175765],[6.4725078,51.853823],[6.3905662,51.8739681],[6.4089533,51.8533462],[6.4018184,51.8272627],[6.3472071,51.8506811],[6.3062031,51.8490782],[6.2797304,51.8741147],[6.2101772,51.8690213],[6.1542723,51.9051952],[6.103448,51.8924742],[6.1670004,51.8616216],[6.1665599,51.8407216],[6.0634856,51.8654512],[6.0356706,51.8426381],[5.945479,51.8242662],[5.992067,51.7702459],[5.9519882,51.7489494],[5.9551552,51.7381176],[6.0449392,51.7169134],[6.0260539,51.7086881],[6.0323495,51.6740557],[6.1180876,51.6559729],[6.0914239,51.6058486],[6.2120237,51.5133909],[6.2236759,51.4687148],[6.205257,51.3995201],[6.2266681,51.400268],[6.2144248,51.3896343],[6.2263867,51.360336],[6.1685573,51.3329887],[6.1244995,51.2747284],[6.0726534,51.2425555],[6.0860218,51.2226673],[6.0679863,51.2205478],[6.0821902,51.1716335],[6.1651704,51.1944141],[6.1807243,51.1863585],[6.1388017,51.1733392],[6.1754219,51.158464],[6.091996,51.1350476],[5.9977935,51.0842457],[5.9577783,51.0347261],[5.9381295,51.0351172],[5.9132077,51.066883],[5.8663153,51.0511035]]],[[[6.166035,50.6618618],[6.183861,50.6479421],[6.1961617,50.6587908],[6.1917159,50.6640773],[6.166035,50.6618618]]],[[[6.1666886,50.6436204],[6.1817998,50.6237964],[6.2738114,50.6297549],[6.2649697,50.642391],[6.2455217,50.6404753],[6.2316044,50.6489328],[6.2207441,50.640281],[6.1890337,50.639692],[6.1862926,50.6405061],[6.1847308,50.6417053],[6.1833778,50.646983],[6.1666886,50.6436204]]],[[[6.174068,50.556354],[6.1780977,50.5415201],[6.1884579,50.5405299],[6.1925576,50.5374784],[6.197437,50.5362625],[6.1979836,50.5402999],[6.2105531,50.5547469],[6.2352864,50.5661026],[6.2405743,50.5870616],[6.174068,50.556354]]],[[[6.1963868,50.5310648],[6.1922624,50.5210957],[6.2067025,50.5218755],[6.2059619,50.5240556],[6.1989309,50.5274114],[6.1963868,50.5310648]]],[[[6.2467439,50.5982266],[6.24821,50.5968229],[6.248485,50.5978889],[6.2467439,50.5982266]]]]}},{"type":"Feature","properties":{"name":"Hessen","country":"DE"},"geometry":{"type":"MultiPolygon","coordinates":[[[[7.7724673,50.0583311],[7.8516204,50.0134595],[7.8827603,49.972136],[7.9688282,49.9779809],[8.1820368,50.0352753],[8.2659251,50.0146112],[8.3421333,49.949189],[8.3546805,49.9138484],[8.3425613,49.879662],[8.3833876,49.8559513],[8.3785519,49.8245249],[8.4166191,49.773494],[8.4795478,49.762834],[8.4347405,49.720502],[8.3582379,49.6939834],[8.3858463,49.6222536],[8.4224969,49.5837268],[8.4761253,49.5844003],[8.5669764,49.5191804],[8.6080029,49.5283257],[8.6194978,49.5468143],[8.5940497,49.6102292],[8.6781563,49.6256966],[8.6926648,49.6235905],[8.6857829,49.6080241],[8.6775857,49.6139365],[8.6721124,49.6144657],[8.668927,49.6128322],[8.6798308,49.6040799],[8.6983469,49.5996435],[8.6803104,49.5758311],[8.7280951,49.5184392],[8.7985014,49.5113703],[8.8220527,49.524523],[8.8170581,49.5057953],[8.8319197,49.491369],[8.9002475,49.5031774],[8.9006521,49.484806],[8.8765471,49.4664335],[8.8518416,49.4837518],[8.8267767,49.4700029],[8.8371121,49.4330821],[8.8059582,49.4189794],[8.814902,49.3964642],[8.8300817,49.4079208],[8.8521652,49.3955787],[8.9040762,49.4456271],[8.9516633,49.4560115],[8.931494,49.4705528],[8.9542082,49.4818944],[8.9516666,49.5053561],[9.0411767,49.4984673],[9.0642234,49.530291],[9.1198641,49.512161],[9.1155106,49.5337689],[9.0712186,49.5631499],[9.0755581,49.5751292],[9.099701,49.5607391],[9.1027644,49.5791735],[9.0648443,49.616837],[9.1019011,49.6417064],[9.0896464,49.6931719],[9.1277228,49.7003472],[9.1212298,49.7146401],[9.1505795,49.7426753],[9.1068885,49.758743],[9.1321529,49.7941926],[9.0906194,49.7907479],[9.0771755,49.8183657],[9.0852609,49.8476753],[9.0639684,49.8317982],[9.0601073,49.8461689],[9.0361215,49.846382],[9.0332187,49.86658],[9.050522,49.8672938],[9.0233658,49.9101449],[9.032233,49.9245949],[9.0141627,49.9913827],[9.0513656,49.9930525],[9.0352128,50.004329],[9.0295395,50.0408599],[8.977217,50.0469166],[8.9994023,50.0695432],[8.9976889,50.0927279],[9.0183707,50.1115446],[9.1185159,50.1266162],[9.1537264,50.1177173],[9.1487146,50.0902561],[9.1899062,50.1262827],[9.1831677,50.1380008],[9.2214981,50.1494538],[9.3764168,50.1305154],[9.4127419,50.0833278],[9.5129314,50.0942994],[9.5073644,50.1454567],[9.5311601,50.16086],[9.4981327,50.1755911],[9.5162052,50.194727],[9.4946811,50.22673],[9.5013447,50.2431423],[9.5828903,50.221331],[9.6635617,50.2340649],[9.6375032,50.2506784],[9.6485654,50.2660812],[9.7033759,50.2807214],[9.7474105,50.3133535],[9.7330014,50.3561446],[9.7602506,50.4249613],[9.8831535,50.3988326],[9.9577453,50.4232654],[10.0184091,50.4665057],[10.0617053,50.5566503],[10.037173,50.6128252],[10.0584087,50.6265932],[10.0813777,50.6199058],[10.0698994,50.6561793],[10.0507706,50.6736394],[10.0021942,50.6766276],[9.9490482,50.66418],[9.9687559,50.6412499],[9.9607345,50.6292424],[9.8770912,50.6400975],[9.8812289,50.6733713],[9.9238568,50.6953273],[9.9075068,50.7032232],[9.9413924,50.7417776],[9.9200396,50.7593707],[9.9294936,50.7771662],[9.9519013,50.7738517],[9.9522083,50.8214703],[10.0248524,50.8316349],[10.0387962,50.8531214],[10.0219002,50.8479209],[10.0216394,50.8645748],[10.0599283,50.8855209],[10.0138626,50.9206101],[9.9713605,50.907236],[9.9917364,50.9350191],[9.9541994,50.9220013],[9.9500908,50.9444747],[10.0624486,50.9432042],[10.0193636,50.9806094],[10.0368411,51.0124613],[10.1204376,51.0123266],[10.1449402,50.9932751],[10.2053462,51.0071112],[10.1927739,51.0186079],[10.2145774,51.0253118],[10.1989156,51.0401374],[10.1405382,51.0586126],[10.1551748,51.0704863],[10.1437468,51.084977],[10.1745355,51.1168702],[10.11813,51.1400007],[10.1668236,51.1536917],[10.1991489,51.1126126],[10.2072721,51.1648162],[10.2364142,51.1866809],[10.1397629,51.2197309],[10.0729245,51.2244049],[10.0789276,51.24275],[10.0470541,51.2535891],[10.0600895,51.2759191],[9.9726957,51.2844176],[9.969905,51.2998813],[9.940479,51.305048],[9.9476091,51.3264871],[9.9233343,51.3663222],[9.9314143,51.3921804],[9.905502,51.4210555],[9.8785448,51.4036776],[9.8507328,51.4144149],[9.8658931,51.3719177],[9.8399782,51.3837777],[9.840807,51.4027173],[9.8120404,51.4108012],[9.7936569,51.4064968],[9.7994631,51.3860447],[9.7018578,51.3644443],[9.7379566,51.3194509],[9.7723949,51.3362294],[9.7679546,51.3066931],[9.7319999,51.2950693],[9.6693595,51.3176113],[9.6284081,51.3119553],[9.6335093,51.326262],[9.568014,51.3400737],[9.5485767,51.3592023],[9.5766832,51.3708935],[9.5613157,51.3855652],[9.644752,51.4182891],[9.6275049,51.4443325],[9.6436756,51.4704247],[9.5849277,51.5186488],[9.6185859,51.5300445],[9.6092911,51.5575715],[9.6224805,51.5486512],[9.6453618,51.5500494],[9.6488931,51.551197],[9.6300986,51.5838121],[9.682394,51.5664503],[9.6908279,51.5762247],[9.6378434,51.6088907],[9.6259617,51.6368788],[9.5701145,51.6245167],[9.5430069,51.6403888],[9.5082008,51.626709],[9.4918334,51.6349165],[9.4912797,51.6577614],[9.3368708,51.6145851],[9.373613,51.5914753],[9.3164171,51.5525769],[9.3086112,51.5123843],[9.2402172,51.4973865],[9.2164812,51.4811872],[9.216291,51.459895],[9.185316,51.4665361],[9.1577208,51.4429066],[9.0892771,51.4465552],[9.0770786,51.464632],[9.0924186,51.4944312],[9.0389563,51.5019338],[9.0204903,51.5189199],[8.9006481,51.4887161],[8.8907548,51.47776],[8.9216187,51.4459039],[8.9186337,51.4302278],[8.9488382,51.4249112],[8.9392668,51.3888415],[8.6830982,51.3740004],[8.5564302,51.2773529],[8.5959932,51.2469938],[8.6923229,51.2768855],[8.7352539,51.2635513],[8.7411094,51.2186117],[8.7684086,51.2089382],[8.7495288,51.1979546],[8.7577651,51.177202],[8.6920772,51.1323107],[8.7194596,51.1100744],[8.6580525,51.0947638],[8.5270585,51.0965039],[8.5016714,51.0796523],[8.526935,51.0629741],[8.5038718,51.040501],[8.5205331,51.0433219],[8.5382284,51.0200488],[8.4577183,50.9660063],[8.4562876,50.9166297],[8.4326996,50.9178469],[8.3584059,50.8607129],[8.3054345,50.8609976],[8.2920337,50.8821275],[8.2704265,50.8825392],[8.1255004,50.7882854],[8.1669242,50.7360786],[8.1103914,50.6712679],[8.1405829,50.631511],[8.1259049,50.6099162],[8.1515752,50.599553],[8.1373438,50.5521877],[8.1033072,50.5325736],[8.041403,50.5571162],[7.9927844,50.5221564],[7.9791426,50.484659],[8.0107545,50.4527533],[7.9752643,50.4376117],[7.9867104,50.4224112],[7.964013,50.411689],[8.0243124,50.4009796],[8.0145422,50.3839977],[8.059653,50.3754337],[8.0712685,50.3315523],[8.1028863,50.3270385],[8.1217134,50.2773533],[8.1030615,50.2596562],[8.0358503,50.2712134],[8.0214941,50.2583042],[8.0585441,50.2342381],[8.0349461,50.2158338],[7.9900576,50.2387633],[7.9098223,50.2038024],[7.8848177,50.168235],[7.9324598,50.1438804],[7.9299518,50.1039025],[7.8541934,50.1285672],[7.8297601,50.0977925],[7.8373559,50.0839695],[7.8028331,50.0848184],[7.7724673,50.0583311]],[[8.6799607,49.6083143],[8.6781819,49.6095497],[8.6808526,49.608783],[8.6799607,49.6083143]],[[9.6049314,51.561264],[9.6050062,51.5630699],[9.6078663,51.5592327],[9.6049314,51.561264]]],[[[8.6748933,49.6208036],[8.6707321,49.6141912],[8.6721056,49.6145083],[8.6737014,49.614688],[8.6778808,49.6140403],[8.6883436,49.6198193],[8.6748933,49.6208036]],[[8.6835939,49.6184635],[8.6821629,49.6197696],[8.6844231,49.619986],[8.6835939,49.6184635]]]]}},{"type":"Feature","properties":{"name":"Niedersachsen","country":"DE"},"geometry":{"type":"MultiPolygon","coordinates":[[[[6.3459138,53.7245358],[6.4126111,53.6042778],[6.5513293,53.5825533],[6.6140355,53.5536829],[6.6286008,53.5305801],[6.6567681,53.5278286],[6.6836555,53.4966645],[6.8824856,53.4472666],[6.8982031,53.3616476],[6.9268194,53.3388596],[7.0522666,53.3067476],[7.1917111,53.3150548],[7.2170254,53.2147666],[7.2080428,53.1884765],[7.2274985,53.1802785],[7.2036549,53.1765642],[7.1789023,53.1382857],[7.2027936,53.1134106],[7.2174454,53.0070372],[7.1815156,52.9415843],[7.087258,52.8498872],[7.0557287,52.6434198],[7.0395705,52.6327059],[6.8730779,52.6532678],[6.7418351,52.6453009],[6.7100419,52.6278615],[6.7272888,52.6149279],[6.7187716,52.588636],[6.766692,52.5616369],[6.6808799,52.5533174],[6.7053325,52.5210076],[6.6975241,52.4863233],[6.7527345,52.4641108],[6.8542977,52.4597063],[6.9416576,52.4354257],[6.9917989,52.4673762],[7.0107824,52.4291366],[7.0587282,52.3994102],[7.0721535,52.3736113],[7.0722555,52.3518792],[7.0264536,52.2919678],[7.0657916,52.2412333],[7.1557702,52.2663768],[7.2979559,52.2639215],[7.505451,52.3608325],[7.5820871,52.3765568],[7.5826529,52.4035451],[7.6043233,52.4209409],[7.5643075,52.432218],[7.60423,52.4750082],[7.6829288,52.4577849],[7.7138185,52.4009901],[7.8066845,52.371522],[7.8918697,52.3806368],[7.9367822,52.3650821],[7.9488831,52.3346864],[7.990958,52.3094093],[7.9319553,52.3017463],[7.9310711,52.2863582],[7.9574513,52.2726292],[7.9244319,52.2623458],[7.9261641,52.2251419],[7.8996978,52.2068623],[7.9336049,52.1766079],[8.0170704,52.1720529],[8.0230999,52.1600792],[7.9973152,52.1544373],[8.0079558,52.115444],[7.884976,52.083254],[7.9168535,52.0518722],[7.9810389,52.0358861],[8.033386,52.0683844],[8.0962792,52.05713],[8.1518059,52.0764281],[8.1929167,52.072384],[8.267788,52.1319122],[8.4050648,52.1113618],[8.4109,52.1366642],[8.5173184,52.1851628],[8.4421822,52.2136804],[8.4685127,52.247606],[8.4579002,52.3025155],[8.4707677,52.3155232],[8.4419505,52.3614767],[8.3120801,52.4068237],[8.3221014,52.4261166],[8.3037964,52.4339158],[8.3029897,52.4588942],[8.4180989,52.444564],[8.4543988,52.4608929],[8.4589646,52.4916645],[8.5087993,52.5148327],[8.5573385,52.4990723],[8.6522952,52.5314935],[8.7019788,52.5032706],[8.703108,52.4436445],[8.7182737,52.4290388],[8.7055547,52.395373],[8.8534638,52.389492],[8.8925576,52.4057506],[8.9367343,52.4018621],[8.939588,52.4153731],[8.9873473,52.4323819],[8.9784793,52.4506777],[9.0170142,52.460145],[9.0530792,52.5003513],[9.1340443,52.4839852],[9.0945517,52.4431393],[9.1254439,52.4132009],[9.0952271,52.3864123],[9.0980309,52.3712547],[9.0595266,52.3392386],[9.0281674,52.3456362],[8.9983846,52.3261977],[8.9880206,52.2873994],[8.9633174,52.2788475],[8.9786583,52.2748314],[8.9745609,52.2625091],[9.0767387,52.2336173],[9.0370645,52.2241328],[9.0456646,52.1832017],[8.985776,52.1946473],[9.0219955,52.1715084],[9.0109776,52.1363864],[9.067472,52.1497015],[9.1537202,52.1287976],[9.1344313,52.0942523],[9.1551444,52.0975942],[9.1940335,52.0696682],[9.1740351,52.0592314],[9.1967716,52.0126577],[9.1760787,51.9806173],[9.2089312,51.9598529],[9.2171244,51.9741482],[9.27388,51.9741517],[9.2864774,51.9570707],[9.2632052,51.9466676],[9.2771791,51.9438046],[9.2743343,51.9296915],[9.3411262,51.907828],[9.3444282,51.8800987],[9.3229623,51.8549553],[9.4594414,51.8627697],[9.4332171,51.8411989],[9.4427911,51.8284136],[9.427299,51.8110533],[9.4492577,51.7947421],[9.3753141,51.7437309],[9.401791,51.7035151],[9.3745188,51.6497891],[9.4941981,51.6576614],[9.4918334,51.6349165],[9.5173859,51.6258989],[9.5430069,51.6403888],[9.5701145,51.6245167],[9.6259617,51.6368788],[9.6389983,51.6078412],[9.68066,51.587502],[9.6840804,51.5664608],[9.6266626,51.5819212],[9.6488931,51.551197],[9.6092911,51.5575715],[9.6185859,51.5300445],[9.5847607,51.5182541],[9.6436756,51.4704247],[9.6275049,51.4443325],[9.644752,51.4182891],[9.631767,51.4038847],[9.5777856,51.4019451],[9.5581147,51.3796671],[9.5761454,51.370076],[9.5485767,51.3592023],[9.6038899,51.3246779],[9.6205947,51.3282337],[9.6309105,51.3272279],[9.6392865,51.3223681],[9.6284081,51.3119553],[9.6693595,51.3176113],[9.7319999,51.2950693],[9.7679546,51.3066931],[9.7723949,51.3362294],[9.7379566,51.3194509],[9.7018578,51.3644443],[9.7997761,51.3861802],[9.7953723,51.4079151],[9.840807,51.4027173],[9.8399782,51.3837777],[9.8658931,51.3719177],[9.8507328,51.4144149],[9.8785448,51.4036776],[9.905502,51.4210555],[9.9314143,51.3921804],[9.9284735,51.3752705],[10.0003765,51.4036463],[10.0095187,51.420783],[10.0378416,51.4198803],[10.0465483,51.4366275],[10.0699389,51.4184393],[10.0801978,51.4346781],[10.1523574,51.4300208],[10.1400148,51.4426333],[10.1742949,51.4463665],[10.1781374,51.4700911],[10.2016141,51.486378],[10.2330524,51.4707075],[10.3422272,51.5194391],[10.3782931,51.5626601],[10.3714817,51.5880279],[10.4421877,51.5903193],[10.5190851,51.5536927],[10.6040593,51.5796689],[10.6604091,51.5607522],[10.6660681,51.578124],[10.6330515,51.5959892],[10.6490081,51.6065895],[10.6382519,51.6193833],[10.7016439,51.6409681],[10.6685203,51.6684112],[10.6685075,51.7098276],[10.6419393,51.725057],[10.6286541,51.75691],[10.5896474,51.7686282],[10.5738521,51.8110968],[10.5884673,51.8358294],[10.5790147,51.8484453],[10.6495446,51.8892691],[10.6475758,51.9086156],[10.6128776,51.9203576],[10.6129255,51.9385408],[10.6511904,51.9573778],[10.5870011,51.974155],[10.5608411,52.0039573],[10.6272208,52.0082005],[10.6552623,52.0245737],[10.6479683,52.0417069],[10.6852246,52.0477932],[10.9647252,52.056221],[10.9706775,52.086067],[10.9420668,52.1029829],[11.0447147,52.1341125],[11.0604504,52.1723965],[11.0194093,52.1780681],[11.0134776,52.1995077],[11.0862502,52.2286435],[11.0118205,52.28799],[11.0360345,52.3102616],[10.9834602,52.3417408],[11.0543866,52.349055],[11.0739299,52.3744706],[11.0150277,52.3878416],[10.9336952,52.4603439],[10.9496567,52.4958871],[11.0089744,52.4965205],[10.9372801,52.5675045],[10.9397609,52.5895609],[10.9756742,52.606796],[10.9769395,52.6240612],[10.92046,52.6099931],[10.8292541,52.7166339],[10.7968382,52.714035],[10.7913774,52.7484584],[10.7553726,52.7842845],[10.7647343,52.8420243],[10.9399312,52.8527298],[10.9853862,52.8817699],[11.0012182,52.9115072],[11.098728,52.9126916],[11.0932751,52.8995795],[11.1059819,52.8963758],[11.1547638,52.9064202],[11.2205275,52.8976443],[11.2396455,52.8792556],[11.2907417,52.8890303],[11.2954458,52.8748502],[11.3138532,52.8782155],[11.5050657,52.9410638],[11.4925142,52.9598058],[11.5119795,53.0064013],[11.5566244,52.9986846],[11.598118,53.0347743],[11.5027271,53.0500171],[11.4504225,53.0781724],[11.3355411,53.0563376],[11.2735242,53.0969276],[11.2443887,53.137413],[11.1832872,53.1373556],[11.1722947,53.1567117],[11.1926597,53.1821415],[11.079933,53.2205537],[11.0094669,53.2814236],[10.9881682,53.3334854],[10.9284786,53.3480931],[10.8359219,53.3050851],[10.7581821,53.3304615],[10.7635386,53.3389446],[10.7015375,53.3699579],[10.5744555,53.3601941],[10.369086,53.4261405],[10.3055968,53.4330831],[10.237398,53.3961117],[10.1760906,53.3965954],[10.0516158,53.4639106],[10.0453939,53.4463998],[10.022244,53.4475535],[10.0292108,53.4352988],[9.9833477,53.4146204],[9.9438393,53.4294535],[9.9066994,53.4159497],[9.9229282,53.4363614],[9.898744,53.4579631],[9.8618312,53.4296174],[9.7998062,53.469426],[9.8027631,53.4938403],[9.7635785,53.5082559],[9.7812903,53.5186423],[9.7655587,53.5410972],[9.7743919,53.5543254],[9.6759175,53.5646222],[9.5506295,53.6159739],[9.5078218,53.6911783],[9.4226152,53.7406359],[9.3195032,53.8509127],[9.2309307,53.8778474],[8.9946304,53.8725928],[8.8096102,53.9067101],[8.768353,53.9643971],[8.4989183,54.0284659],[8.394369,54.02765],[8.5456774,53.9300833],[8.5747146,53.843377],[8.5338059,53.8852572],[8.429328,53.8932944],[8.1044993,54.02505],[7.8658146,54.0227677],[7.532967,53.9603928],[6.72686,53.8633906],[6.4582503,53.7898057],[6.3459138,53.7245358]],[[8.4815929,53.2264612],[8.517496,53.2285462],[8.5540199,53.2077822],[8.5990987,53.2127682],[8.5801618,53.1931162],[8.5933778,53.1842081],[8.627948,53.198289],[8.6593758,53.17718],[8.6994273,53.1854383],[8.7761597,53.1581967],[8.82926,53.1642765],[8.863219,53.131423],[8.9121398,53.1325421],[8.9447878,53.1521466],[8.9832813,53.1256263],[8.9472416,53.1161889],[8.99083,53.0965981],[8.9611197,53.0850442],[8.9802995,53.0468292],[8.9160835,53.0111644],[8.8663281,53.0407028],[8.8667778,53.0217816],[8.8220631,53.0208541],[8.7705645,53.0531493],[8.7307672,53.0337609],[8.7096369,53.0460291],[8.7039155,53.0815131],[8.6665183,53.0916568],[8.6199286,53.1669347],[8.5339491,53.1868528],[8.4815929,53.2264612]],[[8.4923879,53.6018703],[8.5928986,53.5930812],[8.6509327,53.604004],[8.6196793,53.5747197],[8.6467454,53.5556156],[8.6383479,53.533041],[8.6510221,53.5108512],[8.6032628,53.4842984],[8.4925956,53.4724672],[8.5575604,53.534565],[8.4923879,53.6018703]],[[8.6155162,53.194571],[8.613366,53.1973718],[8.6166854,53.1957575],[8.6155162,53.194571]],[[8.6538355,53.6024412],[8.6517803,53.610083],[8.6591759,53.6080925],[8.6538355,53.6024412]]],[[[7.4086637,54.0068062],[7.5000001,54.0197601],[7.549833,54.0268],[7.4484651,54.1378463],[7.408728,54.1357002],[7.4086637,54.0068062]]],[[[9.6050062,51.5630699],[9.6049314,51.561264],[9.6078663,51.5592327],[9.6050062,51.5630699]]]]}},{"type":"Feature","properties":{"name":"Sachsen","country":"DE"},"geometry":{"type":"MultiPolygon","coordinates":[[[[11.872254,50.5395106],[11.8873582,50.5167363],[11.9253285,50.5263685],[11.9642905,50.4863712],[11.9374297,50.4714947],[11.950881,50.4539808],[11.9316957,50.4637195],[11.8874255,50.4425906],[11.9278728,50.4330959],[11.9199769,50.4243687],[11.945524,50.4162739],[11.9488583,50.3951971],[11.9836724,50.3899173],[11.9727268,50.3520634],[12.0147296,50.3476315],[12.0489462,50.323751],[12.1846057,50.322223],[12.200948,50.30895],[12.2013248,50.272839],[12.2538433,50.2709779],[12.2659403,50.2501808],[12.2394764,50.2461567],[12.2939087,50.2210269],[12.2746533,50.1965503],[12.2893624,50.1768935],[12.3343748,50.1716496],[12.3234758,50.1819975],[12.3383141,50.1922887],[12.3233665,50.2071173],[12.3312942,50.2424503],[12.3592287,50.24213],[12.3525857,50.2626572],[12.3996277,50.2936644],[12.3983534,50.3214007],[12.4309643,50.3227205],[12.4685524,50.3546075],[12.4895477,50.3497966],[12.4863837,50.3707874],[12.5120317,50.3972595],[12.6732731,50.4168043],[12.707118,50.3971204],[12.7344729,50.4323396],[12.7948562,50.4494311],[12.8104985,50.4308984],[12.8190353,50.4602924],[12.9122373,50.4238432],[12.9373831,50.4062686],[12.9480934,50.4042513],[13.0198694,50.4465569],[13.0316484,50.5097436],[13.0852972,50.5002213],[13.1325687,50.5186213],[13.1366229,50.5064061],[13.1952919,50.5032407],[13.2483534,50.5920732],[13.2787109,50.5929668],[13.2910947,50.5749287],[13.3231536,50.5810891],[13.3247908,50.6084452],[13.3772971,50.6272527],[13.371052,50.6508138],[13.4149663,50.6165285],[13.4648592,50.6017785],[13.5242765,50.6389844],[13.512788,50.6537673],[13.5443743,50.6775482],[13.5252438,50.7043865],[13.5519187,50.713741],[13.6027355,50.7101533],[13.6646726,50.7320842],[13.7067115,50.7166867],[13.7583077,50.7358251],[13.8549409,50.7269531],[13.8619932,50.742797],[13.8987966,50.7451347],[13.8873407,50.7700734],[13.9007789,50.7933791],[13.9389859,50.7899283],[13.9907383,50.8200053],[14.0299257,50.8042559],[14.0784585,50.8124786],[14.2234995,50.8590862],[14.2333657,50.8875989],[14.2674344,50.8953136],[14.3047515,50.8839275],[14.3881391,50.8992738],[14.3969686,50.9363404],[14.3025712,50.9652588],[14.329512,50.9823488],[14.2586779,50.9875401],[14.260534,51.0088227],[14.2863747,51.0274901],[14.2738538,51.0397992],[14.3017127,51.0550028],[14.382682,51.038537],[14.4085683,51.0187843],[14.4538296,51.0359443],[14.4927168,51.0234126],[14.490765,51.0435556],[14.5084006,51.0433104],[14.4985984,51.0220904],[14.5321868,51.0165812],[14.5347548,51.0037431],[14.5645523,51.0101674],[14.5990743,50.9871753],[14.5643597,50.9185741],[14.6502028,50.9315224],[14.6528348,50.9054216],[14.6189169,50.8577586],[14.7086033,50.8407793],[14.7223443,50.8220621],[14.7966414,50.8210152],[14.8249866,50.8675618],[14.8195554,50.8850631],[14.8965556,50.9406457],[14.9171851,50.9951933],[14.9793151,51.0770378],[14.980878,51.1161089],[14.9977581,51.1227643],[14.9931187,51.1624351],[15.0417476,51.2742522],[14.9651366,51.3611866],[14.9837271,51.3739052],[14.9583108,51.3953976],[14.969201,51.398255],[14.958703,51.431343],[14.974269,51.441572],[14.952614,51.468372],[14.7356207,51.5259448],[14.7113335,51.5626406],[14.7298795,51.5816553],[14.7077946,51.5972226],[14.6966827,51.5967625],[14.707095,51.5767262],[14.6741422,51.5510257],[14.6096437,51.5501119],[14.5976688,51.5723961],[14.5676466,51.5810349],[14.5163935,51.5541611],[14.3865667,51.5417395],[14.3323604,51.505039],[14.2735365,51.5322886],[14.1369509,51.54308],[14.1424898,51.5226005],[14.1089886,51.5221322],[14.0962799,51.498],[14.0737291,51.4922804],[14.0877385,51.4775416],[14.0341561,51.4760455],[14.0627228,51.4453426],[14.0369022,51.435031],[14.044772,51.4187509],[14.0159353,51.4053201],[14.0281191,51.396226],[14.0037415,51.3957119],[13.9997719,51.3726305],[13.9704635,51.3756991],[13.9723748,51.3934341],[13.9541675,51.3971467],[13.7633275,51.359064],[13.7677271,51.3716975],[13.5986899,51.3687479],[13.5702232,51.3857433],[13.5425314,51.36942],[13.5233069,51.3809264],[13.5206736,51.4037538],[13.4632816,51.4120605],[13.4759919,51.4184144],[13.4456503,51.4309347],[13.421971,51.4216162],[13.4288103,51.4316817],[13.4010821,51.4542918],[13.3740182,51.4382298],[13.3786632,51.42526],[13.320786,51.4373906],[13.3286585,51.4264992],[13.2856176,51.4107732],[13.2864858,51.3992538],[13.2602009,51.401445],[13.2686964,51.3845177],[13.2163387,51.395353],[13.2004267,51.4328475],[13.1740322,51.4282819],[13.2035574,51.4520735],[13.1822562,51.4919256],[13.2015522,51.4918362],[13.2080416,51.5242717],[13.1856316,51.5580964],[13.1423458,51.568577],[13.1577345,51.5975542],[13.120516,51.620305],[13.0864228,51.6081568],[13.0508856,51.6475914],[13.0237436,51.6374205],[12.9962145,51.6691738],[12.9669971,51.6654076],[12.9723575,51.6512267],[12.942287,51.6382507],[12.8983352,51.6474963],[12.8888946,51.667168],[12.8660923,51.6550417],[12.8441188,51.6851316],[12.7726995,51.647405],[12.6858929,51.6611697],[12.6658638,51.631475],[12.6087966,51.6111016],[12.6292163,51.6253193],[12.5805126,51.6260038],[12.5616198,51.6080461],[12.5067977,51.6084842],[12.4828726,51.5926498],[12.485183,51.6045135],[12.444229,51.6103045],[12.4253695,51.5821026],[12.3370373,51.5869598],[12.2928404,51.5604576],[12.2431629,51.5666881],[12.1936831,51.5314017],[12.2031946,51.4852075],[12.1487624,51.4631025],[12.1572979,51.4346353],[12.1939452,51.4212373],[12.173799,51.4101659],[12.1826669,51.3890801],[12.1807708,51.3863761],[12.1724328,51.3840849],[12.1758757,51.375368],[12.188635,51.3791469],[12.1927363,51.3721572],[12.1836642,51.3739152],[12.1821247,51.3685029],[12.1931335,51.3703411],[12.1944372,51.3303213],[12.1477875,51.3199287],[12.1721276,51.2856789],[12.165869,51.2659931],[12.1994802,51.2385586],[12.2048001,51.2141279],[12.1737971,51.1899508],[12.2131202,51.1835499],[12.1955928,51.1414605],[12.2389659,51.1325659],[12.2213755,51.1097278],[12.2529416,51.0971713],[12.3343692,51.1033827],[12.3607047,51.0799085],[12.4105674,51.072827],[12.4592433,51.0846126],[12.4629651,51.0668858],[12.5046158,51.0604188],[12.5072456,51.0174458],[12.5390796,51.0241247],[12.5279478,50.9983886],[12.5833012,50.9814187],[12.6075198,50.9969911],[12.6242189,50.9397789],[12.6539178,50.9190169],[12.6407945,50.9024886],[12.5072925,50.9046613],[12.5104422,50.8934156],[12.45927,50.8803283],[12.4399195,50.8422725],[12.4202494,50.8394675],[12.4154254,50.8570902],[12.3750873,50.8535135],[12.3471485,50.8234952],[12.3070145,50.8186244],[12.2982438,50.8300055],[12.3025412,50.8174131],[12.2915205,50.8257342],[12.2779752,50.8096217],[12.2505841,50.818514],[12.2527331,50.7885459],[12.2900746,50.783508],[12.2645187,50.7604726],[12.2412551,50.7678396],[12.2267294,50.7383177],[12.2622493,50.7370346],[12.2713585,50.7283106],[12.2526104,50.7150556],[12.2635851,50.694845],[12.3189186,50.6840114],[12.3178546,50.6633623],[12.2646494,50.6436408],[12.2655999,50.6304482],[12.1988707,50.6416654],[12.183065,50.6115368],[12.1499269,50.6288556],[12.1487034,50.6057826],[12.1094604,50.5889155],[12.1583136,50.5753587],[12.1159817,50.5669936],[12.084109,50.5795613],[12.0727345,50.5550363],[12.0306548,50.5492496],[12.0174094,50.5676975],[12.0362196,50.5938678],[12.004988,50.612768],[12.0220475,50.6264761],[12.0034149,50.6344446],[11.9794253,50.6211944],[11.9882044,50.6100241],[11.9238609,50.5857944],[11.9258509,50.557092],[11.872254,50.5395106]],[[12.1849229,51.3870357],[12.1861677,51.3879015],[12.1862021,51.3878615],[12.1849229,51.3870357]],[[12.1868631,51.371499],[12.1876789,51.3715856],[12.1878816,51.3715532],[12.1868631,51.371499]],[[12.1874757,51.3716493],[12.1871665,51.3718993],[12.1878441,51.3716742],[12.1874757,51.3716493]],[[12.217923,50.6310049],[12.2182457,50.6315211],[12.2189433,50.6314939],[12.217923,50.6310049]]],[[[12.1799618,51.3887918],[12.1792696,51.3865265],[12.1801128,51.3865302],[12.1799618,51.3887918]]],[[[12.1904859,51.3643233],[12.1860869,51.3621588],[12.1905794,51.3631749],[12.1904859,51.3643233]]],[[[12.1906197,51.3644254],[12.1915985,51.3642145],[12.1916379,51.3644086],[12.1906197,51.3644254]]],[[[13.2454084,51.3945365],[13.2454089,51.3942739],[13.2477997,51.3942592],[13.2454084,51.3945365]]]]}},{"type":"Feature","properties":{"name":"Brandenburg","country":"DE"},"geometry":{"type":"MultiPolygon","coordinates":[[[[11.2657725,53.1221736],[11.2735242,53.0969276],[11.3393584,53.0549991],[11.4504225,53.0781724],[11.5084998,53.048423],[11.6384478,53.0392653],[11.6264671,53.0126336],[11.6770659,53.0077377],[11.6907043,52.9797038],[11.7414327,52.9881708],[11.7872431,52.9605168],[11.846166,52.9513163],[11.8232656,52.9229729],[11.8335673,52.9106082],[11.9799081,52.8761124],[12.0225644,52.8903795],[12.1127995,52.875821],[12.1253108,52.8943563],[12.1239495,52.8538257],[12.1970541,52.8778973],[12.2334276,52.8599224],[12.25773,52.8048675],[12.2438402,52.7863117],[12.2200413,52.7897638],[12.2058479,52.7604904],[12.2221618,52.7398259],[12.1973631,52.7189021],[12.2325903,52.6887657],[12.2367038,52.6286784],[12.1720182,52.6256986],[12.1815198,52.575218],[12.1421717,52.5282849],[12.1887401,52.532226],[12.1671225,52.5146963],[12.1846731,52.4957216],[12.2217465,52.5003233],[12.2360702,52.5238729],[12.2579581,52.5181973],[12.271846,52.4875012],[12.329753,52.4969782],[12.3082329,52.4800863],[12.330686,52.4784899],[12.2891822,52.4306741],[12.2972821,52.4239009],[12.2745991,52.4160343],[12.3022689,52.4053087],[12.2917108,52.386111],[12.3065734,52.3776965],[12.2841224,52.3641988],[12.3080899,52.3446322],[12.2628686,52.2950612],[12.245404,52.2498615],[12.2963663,52.2289157],[12.2489495,52.211627],[12.2475664,52.1837044],[12.2160434,52.1705859],[12.2764918,52.1039277],[12.429478,52.0183326],[12.4807278,52.0331749],[12.4940434,52.0116148],[12.5358185,52.0029283],[12.539432,51.9849224],[12.5972635,51.98152],[12.6682922,52.01306],[12.7562435,51.9864987],[12.7761426,51.9649666],[12.844325,51.9675816],[12.8525581,51.9351164],[12.9606384,51.9349328],[12.9730658,51.9009989],[13.0455042,51.9006867],[13.0269088,51.8810495],[13.0394518,51.8708904],[13.1187855,51.8831486],[13.149538,51.8723723],[13.150838,51.8596911],[13.1235123,51.8551714],[13.1705286,51.7871108],[13.1473163,51.7665373],[13.1636921,51.7541224],[13.1527057,51.7441571],[13.18671,51.7156928],[13.1541889,51.7104741],[13.154654,51.6867328],[13.0508856,51.6475914],[13.0864228,51.6081568],[13.120516,51.620305],[13.1557923,51.5996202],[13.1423458,51.568577],[13.1856316,51.5580964],[13.2080416,51.5242717],[13.2015522,51.4918362],[13.1822562,51.4919256],[13.2035574,51.4520735],[13.1740322,51.4282819],[13.2004267,51.4328475],[13.2163387,51.395353],[13.2686964,51.3845177],[13.2602009,51.401445],[13.2864858,51.3992538],[13.2856176,51.4107732],[13.3286585,51.4264992],[13.320786,51.4373906],[13.3786632,51.42526],[13.3740182,51.4382298],[13.4010821,51.4542918],[13.4288103,51.4316817],[13.421971,51.4216162],[13.4456503,51.4309347],[13.4759919,51.4184144],[13.4632816,51.4120605],[13.5206736,51.4037538],[13.5233069,51.3809264],[13.5425314,51.36942],[13.5702232,51.3857433],[13.5986899,51.3687479],[13.7677271,51.3716975],[13.7633275,51.359064],[13.8345157,51.3834266],[13.8836865,51.3745509],[13.9609838,51.3973105],[13.9704635,51.3756991],[13.9997719,51.3726305],[14.0037415,51.3957119],[14.0281191,51.396226],[14.0159353,51.4053201],[14.044772,51.4187509],[14.0369022,51.435031],[14.0627228,51.4453426],[14.0341561,51.4760455],[14.0877385,51.4775416],[14.0737291,51.4922804],[14.0962799,51.498],[14.1089886,51.5221322],[14.1424898,51.5226005],[14.1369509,51.54308],[14.2735365,51.5322886],[14.3323604,51.505039],[14.3865667,51.5417395],[14.5163935,51.5541611],[14.5676466,51.5810349],[14.5976688,51.5723961],[14.6096437,51.5501119],[14.6741422,51.5510257],[14.707095,51.5767262],[14.6966827,51.5967625],[14.7298795,51.5816553],[14.7651199,51.6074698],[14.7577473,51.6613459],[14.738435,51.6867347],[14.6681692,51.725857],[14.6454747,51.7955276],[14.59018,51.8211725],[14.6111046,51.8571313],[14.6941836,51.9018952],[14.7212866,51.9513151],[14.7048546,51.976008],[14.7216594,51.9944745],[14.7140288,52.0036828],[14.7484224,52.031928],[14.759094,52.065383],[14.6818121,52.1156403],[14.680016,52.1433834],[14.7055672,52.1689142],[14.6858141,52.193906],[14.7155504,52.2361278],[14.689475,52.2567582],[14.5752882,52.2890477],[14.5848295,52.3063473],[14.5343762,52.3949997],[14.5481154,52.4323373],[14.6339257,52.4914836],[14.6038381,52.5310308],[14.6390136,52.5733174],[14.5962113,52.6106429],[14.4651029,52.661322],[14.351042,52.7515101],[14.2788068,52.7744591],[14.2174898,52.8168681],[14.122944,52.8373297],[14.1616111,52.8881242],[14.1436669,52.9613565],[14.3485689,53.054717],[14.3872751,53.142392],[14.3662579,53.1719881],[14.3772679,53.201752],[14.4058561,53.2107291],[14.4505651,53.262252],[14.421204,53.2761361],[14.4068032,53.3087149],[14.415448,53.324368],[14.4022591,53.3300645],[14.3163464,53.3122793],[14.3020606,53.2862077],[14.2619808,53.2765023],[14.2646266,53.2591029],[14.0991049,53.2615191],[14.2273391,53.3626727],[14.2437564,53.3946138],[14.2422049,53.4222508],[14.2248046,53.4342877],[14.1793759,53.4225261],[14.1219294,53.441704],[14.081912,53.4108468],[14.0012626,53.4349135],[13.9181551,53.4219135],[13.9029057,53.4318102],[13.9181378,53.4554101],[13.8751145,53.4735911],[13.8795635,53.5040362],[13.8218352,53.518063],[13.7913792,53.5587965],[13.7782235,53.5140095],[13.8271893,53.4982974],[13.8121129,53.4841348],[13.7117843,53.4813703],[13.6405896,53.4471123],[13.6247668,53.4089757],[13.5503344,53.3993534],[13.5561682,53.3760389],[13.5163553,53.3521346],[13.523603,53.3199168],[13.5025447,53.3274279],[13.4835895,53.2912283],[13.4378102,53.299583],[13.442366,53.286425],[13.4053636,53.2464277],[13.385834,53.2447754],[13.360916,53.2777589],[13.2985095,53.281073],[13.2526154,53.2621215],[13.2297912,53.2166134],[13.2025414,53.2220451],[13.1810676,53.2509545],[13.1521132,53.2512124],[13.1081776,53.2386208],[13.1064782,53.215104],[13.0188398,53.1854593],[13.0046346,53.1668683],[12.9438211,53.1728189],[12.9798926,53.1906976],[12.9654435,53.2002456],[12.8797182,53.1793587],[12.8459274,53.2010655],[12.7642528,53.1889716],[12.7392262,53.1997659],[12.757725,53.2240936],[12.6706604,53.2296943],[12.674836,53.2482918],[12.6552112,53.2552413],[12.6056451,53.2443351],[12.5296734,53.2647431],[12.4457584,53.2497988],[12.4291953,53.2741094],[12.3920423,53.2848889],[12.3945883,53.301747],[12.310277,53.327242],[12.260042,53.323897],[12.229785,53.358135],[12.168702,53.339156],[12.151788,53.361457],[12.106835,53.34353],[12.081924,53.346194],[12.077534,53.369266],[12.0450325,53.370838],[12.0561608,53.3492483],[12.0140259,53.3342296],[12.018622,53.299422],[11.9736314,53.2975211],[11.948175,53.271419],[11.892566,53.278955],[11.861657,53.248446],[11.7959488,53.2533115],[11.8286633,53.2284619],[11.7284974,53.2169497],[11.7274053,53.23167],[11.6994196,53.2439198],[11.6291082,53.2420816],[11.5509481,53.2082295],[11.5694346,53.1655016],[11.5346403,53.1252177],[11.4215322,53.1411048],[11.3954188,53.1401778],[11.3927741,53.110361],[11.2657725,53.1221736]],[[13.088345,52.4196325],[13.1231531,52.4387089],[13.109295,52.4506349],[13.1176933,52.4773203],[13.1688227,52.5092271],[13.1173799,52.51706],[13.1304676,52.5559749],[13.1455742,52.5527201],[13.1535443,52.5732555],[13.1289619,52.5873048],[13.1645286,52.5987969],[13.2173951,52.5874783],[13.2016215,52.6065502],[13.2205414,52.6283185],[13.2642342,52.6268645],[13.2621503,52.6406872],[13.2838319,52.6411189],[13.2827678,52.6607411],[13.3101003,52.6573953],[13.3026102,52.6271913],[13.3576479,52.6229807],[13.3763755,52.6283786],[13.3892033,52.6376251],[13.3945552,52.647556],[13.4243513,52.6354682],[13.4408204,52.6492654],[13.4699645,52.6518641],[13.450782,52.6626681],[13.4794873,52.6755087],[13.4907625,52.6547958],[13.523022,52.6450365],[13.5178192,52.6295666],[13.5058558,52.6257537],[13.4971188,52.6066677],[13.5081184,52.5921389],[13.5815424,52.5711074],[13.5863822,52.5497848],[13.6373759,52.5422554],[13.6256871,52.5301844],[13.6569123,52.5298379],[13.6113673,52.470652],[13.648307,52.4787311],[13.7046132,52.4547613],[13.7012591,52.4682238],[13.7564462,52.4461766],[13.7611609,52.4377097],[13.7228074,52.4371442],[13.7400963,52.4324723],[13.7390343,52.4073353],[13.686831,52.3853033],[13.6999584,52.3755917],[13.6477328,52.3382448],[13.6363196,52.3468193],[13.6426777,52.3775085],[13.6058208,52.3736244],[13.5926921,52.3938149],[13.5354929,52.3889916],[13.5384314,52.4006334],[13.4797604,52.3959454],[13.4635491,52.4210797],[13.4187486,52.4099774],[13.4208126,52.3761384],[13.3884283,52.3778616],[13.3433453,52.411724],[13.3120638,52.3991062],[13.2967517,52.4162514],[13.2497798,52.4049784],[13.2459511,52.4211746],[13.1310825,52.3872512],[13.1381026,52.3978562],[13.088345,52.4196325]],[[13.2454084,51.3945365],[13.2477997,51.3942592],[13.2454089,51.3942739],[13.2454084,51.3945365]],[[13.3927858,52.6454947],[13.3927442,52.6456438],[13.3929209,52.6456661],[13.3927858,52.6454947]],[[13.393058,52.6459089],[13.3930208,52.6460056],[13.3930902,52.6460336],[13.393058,52.6459089]],[[13.5054362,52.6196852],[13.5037765,52.6192121],[13.5054513,52.6198896],[13.5054362,52.6196852]]],[[[12.220561,52.8629494],[12.218959,52.8611314],[12.2221725,52.8628143],[12.220561,52.8629494]]],[[[13.4336264,52.6421286],[13.4339193,52.6419788],[13.4340492,52.6421656],[13.4336264,52.6421286]]]]}},{"type":"Feature","properties":{"name":"Thüringen","country":"DE"},"geometry":{"type":"MultiPolygon","coordinates":[[[[9.8769608,50.6410913],[9.9607345,50.6292424],[9.9687559,50.6412499],[9.9515948,50.6659421],[10.0507706,50.6736394],[10.0830766,50.6336917],[10.0813777,50.6199058],[10.0584087,50.6265932],[10.037173,50.6128252],[10.0617053,50.5566503],[10.041237,50.5164687],[10.0734115,50.5269027],[10.1079447,50.5637681],[10.137249,50.5428371],[10.2039942,50.5546467],[10.2321547,50.5310145],[10.2301048,50.5113028],[10.3307162,50.494362],[10.3360284,50.4658496],[10.381186,50.4392679],[10.3705927,50.4317839],[10.4040873,50.424896],[10.383923,50.408608],[10.3947913,50.3933346],[10.4497823,50.4030838],[10.4635383,50.3762038],[10.4912685,50.3750935],[10.4918573,50.3542216],[10.5445605,50.3643005],[10.5578888,50.3391937],[10.6011878,50.3339103],[10.5923067,50.3081615],[10.6049656,50.2931003],[10.5909426,50.2717984],[10.6073676,50.2720667],[10.5981132,50.26264],[10.6115312,50.2495443],[10.5971274,50.2461163],[10.6121063,50.2241248],[10.6598477,50.231424],[10.7194775,50.2043783],[10.7322621,50.2517977],[10.769392,50.2407598],[10.800432,50.2515455],[10.824645,50.2375101],[10.8518489,50.2513889],[10.8465719,50.2761917],[10.804201,50.2796103],[10.802478,50.2919696],[10.7694936,50.2931176],[10.7141868,50.3250658],[10.7294282,50.3446902],[10.714021,50.3461221],[10.715275,50.363687],[10.7545725,50.3580936],[10.7854811,50.3852036],[10.8304723,50.3927122],[10.8760946,50.396647],[10.8932131,50.3801715],[10.9372391,50.3921579],[10.9858687,50.347333],[10.9989009,50.3502676],[10.9933577,50.3653943],[11.0333529,50.3613436],[11.0430217,50.3447614],[11.1154177,50.3669314],[11.1161602,50.3498221],[11.138986,50.3536018],[11.1595094,50.3302269],[11.1311101,50.3090426],[11.1453436,50.2852849],[11.1879882,50.2691968],[11.197841,50.2917584],[11.2531027,50.2678525],[11.2513631,50.2989543],[11.2704564,50.3070848],[11.26132,50.3378874],[11.2770524,50.3360317],[11.2622865,50.3523598],[11.2841372,50.3606746],[11.2583652,50.3998037],[11.2680323,50.4346215],[11.2461848,50.4491746],[11.2473231,50.4778948],[11.2891437,50.4855228],[11.2917456,50.4751401],[11.3467213,50.5214416],[11.4276203,50.5139489],[11.4410633,50.5002321],[11.4187579,50.4933775],[11.4197676,50.444562],[11.4513711,50.4313212],[11.4446222,50.4246021],[11.4435947,50.4206842],[11.4818616,50.4316567],[11.4781647,50.4010185],[11.5184662,50.3959722],[11.5194652,50.3739938],[11.5731878,50.4001537],[11.6245136,50.3867535],[11.7803678,50.4188269],[11.8253235,50.4041424],[11.8228523,50.3898393],[11.8660413,50.400795],[11.9247073,50.4267136],[11.8874255,50.4425906],[11.9316957,50.4637195],[11.950881,50.4539808],[11.9374297,50.4714947],[11.9643285,50.4860243],[11.9311557,50.5229589],[11.8873582,50.5167363],[11.872408,50.5404645],[11.9258509,50.557092],[11.9238609,50.5857944],[11.9888211,50.6104972],[11.9794253,50.6211944],[12.0217247,50.626792],[12.0045709,50.6136153],[12.0362196,50.5938678],[12.0174094,50.5676975],[12.0306548,50.5492496],[12.0598705,50.5524005],[12.084109,50.5795613],[12.1159817,50.5669936],[12.1583136,50.5753587],[12.1094604,50.5889155],[12.1487034,50.6057826],[12.1499269,50.6288556],[12.183065,50.6115368],[12.1988707,50.6416654],[12.2655999,50.6304482],[12.2646494,50.6436408],[12.3178546,50.6633623],[12.3189186,50.6840114],[12.2635851,50.694845],[12.2526104,50.7150556],[12.2713585,50.7283106],[12.2622493,50.7370346],[12.2267294,50.7383177],[12.2412551,50.7678396],[12.2645187,50.7604726],[12.2900746,50.783508],[12.2527331,50.7885459],[12.2507793,50.8186425],[12.2779752,50.8096217],[12.2915205,50.8257342],[12.2956905,50.8169269],[12.3025412,50.8174131],[12.2982438,50.8300055],[12.3070145,50.8186244],[12.3471485,50.8234952],[12.3750873,50.8535135],[12.4154254,50.8570902],[12.4202494,50.8394675],[12.4399195,50.8422725],[12.45927,50.8803283],[12.5104422,50.8934156],[12.5072925,50.9046613],[12.6407945,50.9024886],[12.6539178,50.9190169],[12.6242189,50.9397789],[12.6075198,50.9969911],[12.5833012,50.9814187],[12.5279478,50.9983886],[12.5390796,51.0241247],[12.5072456,51.0174458],[12.5046158,51.0604188],[12.4629651,51.0668858],[12.4592433,51.0846126],[12.4105674,51.072827],[12.3607047,51.0799085],[12.3343692,51.1033827],[12.282405,51.0922185],[12.2508689,51.0379267],[12.2812799,51.0405861],[12.2931843,51.0213732],[12.2144629,50.9378508],[12.2135266,50.9602108],[12.1828067,50.9759861],[12.163429,50.9586977],[12.0910308,50.9765857],[12.0142873,50.9681117],[12.0065354,50.9910363],[11.9702668,50.9941732],[11.9771088,51.0162786],[11.9118173,51.0282701],[11.910905,51.0447687],[11.8881478,51.0560633],[11.759748,51.0428326],[11.7323144,51.0684129],[11.7008375,51.0694081],[11.692443,51.0998106],[11.6681677,51.1104123],[11.6172259,51.0970167],[11.5718473,51.1205694],[11.5453715,51.1023872],[11.4851717,51.1024982],[11.4635788,51.1125061],[11.4514289,51.1465311],[11.4855393,51.167021],[11.4708945,51.1698115],[11.4684866,51.1926718],[11.4313257,51.2124391],[11.3915227,51.2036998],[11.3909331,51.2174678],[11.3651983,51.2213836],[11.3838669,51.2456727],[11.4116996,51.2401906],[11.4757498,51.2955154],[11.4183904,51.3318325],[11.4292527,51.3423311],[11.3996772,51.3445121],[11.3934532,51.3839137],[11.3309576,51.3903886],[11.321199,51.4103112],[11.2486911,51.3951475],[11.2238587,51.4132466],[11.1530891,51.4016507],[11.0650104,51.4293718],[10.9910125,51.4181721],[11.0120614,51.4247772],[10.9668278,51.4323471],[10.9604614,51.4713193],[10.9726114,51.4821337],[10.9267688,51.5207809],[10.9479282,51.5376083],[10.9012562,51.5502633],[10.8827728,51.5791397],[10.8943222,51.6016477],[10.9305057,51.5906977],[10.9361236,51.6047626],[10.9133064,51.6106065],[10.9216007,51.6174326],[10.886712,51.612087],[10.8591937,51.6329278],[10.8186548,51.6245662],[10.8150531,51.6393409],[10.7629629,51.6492842],[10.6404157,51.6220023],[10.638213,51.5843419],[10.6661419,51.5779584],[10.6568559,51.5583162],[10.6040593,51.5796689],[10.5190851,51.5536927],[10.4421877,51.5903193],[10.3714817,51.5880279],[10.3680284,51.5433216],[10.3422272,51.5194391],[10.3082415,51.5151944],[10.2998473,51.4939109],[10.2330524,51.4707075],[10.2020122,51.4865176],[10.1781374,51.4700911],[10.1742949,51.4463665],[10.1400148,51.4426333],[10.1523574,51.4300208],[10.0801978,51.4346781],[10.0699389,51.4184393],[10.0590774,51.4350865],[10.0465483,51.4366275],[10.0378416,51.4198803],[10.0095187,51.420783],[10.0003765,51.4036463],[9.9284735,51.3752705],[9.9296288,51.3399146],[9.949197,51.3184339],[9.9381092,51.3075515],[9.969905,51.2998813],[9.9726957,51.2844176],[10.0538029,51.2790916],[10.0478752,51.2519843],[10.0789276,51.24275],[10.0687789,51.2264975],[10.2364142,51.1866809],[10.2072721,51.1648162],[10.1991489,51.1126126],[10.1668236,51.1536917],[10.11813,51.1400007],[10.1745355,51.1168702],[10.1437468,51.084977],[10.1551748,51.0704863],[10.1405382,51.0586126],[10.1989156,51.0401374],[10.2145774,51.0253118],[10.1927739,51.0186079],[10.2053462,51.0071112],[10.1449402,50.9932751],[10.1204376,51.0123266],[10.0368411,51.0124613],[10.0193636,50.9806094],[10.0624486,50.9432042],[9.9500908,50.9444747],[9.9541994,50.9220013],[9.9659921,50.9338655],[9.9917364,50.9350191],[9.9713605,50.907236],[10.0138626,50.9206101],[10.0599283,50.8855209],[10.0216394,50.8645748],[10.0219002,50.8479209],[10.0387962,50.8531214],[10.0248524,50.8316349],[9.9522083,50.8214703],[9.9519013,50.7738517],[9.9294936,50.7771662],[9.9200396,50.7593707],[9.9413924,50.7417776],[9.9075068,50.7032232],[9.9238568,50.6953273],[9.8812289,50.6733713],[9.8769608,50.6410913]],[[10.9276229,51.5382171],[10.9267637,51.539421],[10.9269031,51.5393239],[10.9269757,51.5393133],[10.9276229,51.5382171]],[[11.4182203,51.3316953],[11.414494,51.3338968],[11.4198682,51.3359001],[11.4182203,51.3316953]],[[11.4455993,51.1942559],[11.4473154,51.1988623],[11.4478215,51.1962274],[11.4455993,51.1942559]]],[[[12.2182457,50.6315211],[12.217923,50.6310049],[12.2189433,50.6314939],[12.2182457,50.6315211]]]]}},{"type":"Feature","properties":{"name":"Sachsen-Anhalt","country":"DE"},"geometry":{"type":"MultiPolygon","coordinates":[[[[10.5608411,52.0039573],[10.5870011,51.974155],[10.6511904,51.9573778],[10.6129255,51.9385408],[10.6128776,51.9203576],[10.6453906,51.9104356],[10.6504077,51.891425],[10.5785453,51.8478669],[10.578752,51.78179],[10.6286541,51.75691],[10.6419393,51.725057],[10.6685075,51.7098276],[10.6678286,51.6701027],[10.6942202,51.6422466],[10.7629629,51.6492842],[10.8150531,51.6393409],[10.8186548,51.6245662],[10.8591937,51.6329278],[10.886712,51.612087],[10.9216007,51.6174326],[10.9133064,51.6106065],[10.9361236,51.6047626],[10.9305057,51.5906977],[10.8943222,51.6016477],[10.8827728,51.5791397],[10.9012562,51.5502633],[10.9479282,51.5376083],[10.926734,51.5209104],[10.9726114,51.4821337],[10.9604614,51.4713193],[10.9668278,51.4323471],[11.0079032,51.429184],[10.9910125,51.4181721],[11.0064607,51.4169195],[11.0712827,51.4286578],[11.1530891,51.4016507],[11.2238587,51.4132466],[11.2486911,51.3951475],[11.321199,51.4103112],[11.3309576,51.3903886],[11.3934532,51.3839137],[11.3996772,51.3445121],[11.4292527,51.3423311],[11.4183904,51.3318325],[11.4662368,51.3050434],[11.4752313,51.2985405],[11.4757498,51.2955154],[11.4116996,51.2401906],[11.3838669,51.2456727],[11.3651983,51.2213836],[11.3909331,51.2174678],[11.3915227,51.2036998],[11.4313257,51.2124391],[11.4684866,51.1926718],[11.4708945,51.1698115],[11.4855393,51.167021],[11.4514289,51.1465311],[11.4635788,51.1125061],[11.4851717,51.1024982],[11.5453715,51.1023872],[11.5718473,51.1205694],[11.6172259,51.0970167],[11.6681677,51.1104123],[11.692443,51.0998106],[11.7008375,51.0694081],[11.7323144,51.0684129],[11.759748,51.0428326],[11.8881478,51.0560633],[11.910905,51.0447687],[11.9118173,51.0282701],[11.9771088,51.0162786],[11.9702668,50.9941732],[12.0065354,50.9910363],[12.0142873,50.9681117],[12.0910308,50.9765857],[12.163429,50.9586977],[12.1828067,50.9759861],[12.2135266,50.9602108],[12.2144629,50.9378508],[12.294649,51.0289941],[12.250807,51.0383983],[12.266124,51.0779949],[12.2882565,51.0882536],[12.2213755,51.1097278],[12.241337,51.1306087],[12.1955928,51.1414605],[12.2131202,51.1835499],[12.1742042,51.1845162],[12.2048001,51.2141279],[12.1477875,51.3199287],[12.1944372,51.3303213],[12.1931335,51.3703411],[12.1821247,51.3685029],[12.1836642,51.3739152],[12.1849189,51.3725147],[12.1919909,51.3714852],[12.1927363,51.3721572],[12.1724328,51.3840849],[12.1807708,51.3863761],[12.1826669,51.3890801],[12.173799,51.4101659],[12.1939452,51.4212373],[12.1572979,51.4346353],[12.1485307,51.4592841],[12.2031946,51.4852075],[12.1936831,51.5314017],[12.2431629,51.5666881],[12.2928404,51.5604576],[12.3370373,51.5869598],[12.4253695,51.5821026],[12.444229,51.6103045],[12.485183,51.6045135],[12.4828726,51.5926498],[12.5067977,51.6084842],[12.5616198,51.6080461],[12.5805126,51.6260038],[12.6292163,51.6253193],[12.6087966,51.6111016],[12.6658638,51.631475],[12.6858929,51.6611697],[12.7726995,51.647405],[12.8441188,51.6851316],[12.8660923,51.6550417],[12.8888946,51.667168],[12.8983352,51.6474963],[12.942287,51.6382507],[12.9723575,51.6512267],[12.9669971,51.6654076],[12.9962145,51.6691738],[13.0237436,51.6374205],[13.154654,51.6867328],[13.1541889,51.7104741],[13.186794,51.7159407],[13.1527057,51.7441571],[13.1636921,51.7541224],[13.1473163,51.7665373],[13.1705286,51.7871108],[13.123761,51.8541704],[13.150838,51.8596911],[13.1324132,51.8824829],[13.0394518,51.8708904],[13.0269088,51.8810495],[13.0455042,51.9006867],[12.9730658,51.9009989],[12.9606384,51.9349328],[12.8525581,51.9351164],[12.844325,51.9675816],[12.7761426,51.9649666],[12.7562435,51.9864987],[12.6682922,52.01306],[12.615214,51.982329],[12.539432,51.9849224],[12.5358185,52.0029283],[12.4940434,52.0116148],[12.4807278,52.0331749],[12.429478,52.0183326],[12.2764918,52.1039277],[12.2158471,52.1711175],[12.2475664,52.1837044],[12.2489495,52.211627],[12.2963663,52.2289157],[12.245404,52.2498615],[12.2628686,52.2950612],[12.3080899,52.3446322],[12.2841224,52.3641988],[12.3065734,52.3776965],[12.2917108,52.386111],[12.3022689,52.4053087],[12.2745991,52.4160343],[12.2972821,52.4239009],[12.2891822,52.4306741],[12.330686,52.4784899],[12.3094317,52.4863675],[12.3305043,52.4961897],[12.271846,52.4875012],[12.2579581,52.5181973],[12.2353138,52.5239094],[12.2217465,52.5003233],[12.1846731,52.4957216],[12.1671225,52.5146963],[12.1887401,52.532226],[12.1421717,52.5282849],[12.1815198,52.575218],[12.1720182,52.6256986],[12.2367038,52.6286784],[12.2325903,52.6887657],[12.1973631,52.7189021],[12.2221618,52.7398259],[12.2058479,52.7604904],[12.2200413,52.7897638],[12.2438402,52.7863117],[12.25773,52.8048675],[12.2334276,52.8599224],[12.1970541,52.8778973],[12.1239495,52.8538257],[12.1253108,52.8943563],[12.1127995,52.875821],[12.0225644,52.8903795],[11.9799081,52.8761124],[11.8329967,52.9107762],[11.8232656,52.9229729],[11.846166,52.9513163],[11.7872431,52.9605168],[11.7414327,52.9881708],[11.6907043,52.9797038],[11.6770659,53.0077377],[11.6271926,53.0118429],[11.6419325,53.0345228],[11.6287843,53.0416243],[11.5592424,53.0130333],[11.5566244,52.9986846],[11.512828,53.0072525],[11.4925142,52.9598058],[11.5050657,52.9410638],[11.3138532,52.8782155],[11.2954458,52.8748502],[11.2907417,52.8890303],[11.2396455,52.8792556],[11.2205275,52.8976443],[11.1547638,52.9064202],[11.1059819,52.8963758],[11.0932751,52.8995795],[11.098728,52.9126916],[11.0012182,52.9115072],[10.9853862,52.8817699],[10.9399312,52.8527298],[10.7647343,52.8420243],[10.7553726,52.7842845],[10.7913774,52.7484584],[10.7968382,52.714035],[10.8292541,52.7166339],[10.92046,52.6099931],[10.9769395,52.6240612],[10.9756742,52.606796],[10.9397609,52.5895609],[10.9372801,52.5675045],[11.0089744,52.4965205],[10.9496567,52.4958871],[10.9336952,52.4603439],[11.0150277,52.3878416],[11.0739299,52.3744706],[11.0543866,52.349055],[10.9834602,52.3417408],[11.0360345,52.3102616],[11.0118205,52.28799],[11.0862502,52.2286435],[11.0134776,52.1995077],[11.0194093,52.1780681],[11.0604504,52.1723965],[11.0447147,52.1341125],[10.9420668,52.1029829],[10.9706775,52.086067],[10.9647252,52.056221],[10.6852246,52.0477932],[10.6479683,52.0417069],[10.6552623,52.0245737],[10.6272208,52.0082005],[10.5608411,52.0039573]],[[12.1792696,51.3865265],[12.1799618,51.3887918],[12.1801128,51.3865302],[12.1792696,51.3865265]],[[12.1860869,51.3621588],[12.1904859,51.3643233],[12.1905794,51.3631749],[12.1860869,51.3621588]],[[12.1906197,51.3644254],[12.1916379,51.3644086],[12.1915985,51.3642145],[12.1906197,51.3644254]],[[12.218959,52.8611314],[12.220561,52.8629494],[12.2221725,52.8628143],[12.218959,52.8611314]]],[[[10.9269757,51.5393133],[10.9272824,51.5383274],[10.9276229,51.5382171],[10.9269757,51.5393133]]],[[[11.414494,51.3338968],[11.4182203,51.3316953],[11.4198682,51.3359001],[11.414494,51.3338968]]],[[[11.4473154,51.1988623],[11.4455993,51.1942559],[11.4478215,51.1962274],[11.4473154,51.1988623]]],[[[12.1861677,51.3879015],[12.1849229,51.3870357],[12.1862021,51.3878615],[12.1861677,51.3879015]]],[[[12.1876789,51.3715856],[12.1868631,51.371499],[12.1878816,51.3715532],[12.1876789,51.3715856]]],[[[12.1871665,51.3718993],[12.1874757,51.3716493],[12.1878441,51.3716742],[12.1871665,51.3718993]]]]}},{"type":"Feature","properties":{"name":"Mecklenburg-Vorpommern","country":"DE"},"geometry":{"type":"Polygon","coordinates":[[[10.5938991,53.3678147],[10.7015375,53.3699579],[10.7635386,53.3389446],[10.7581821,53.3304615],[10.8359219,53.3050851],[10.9194027,53.3482236],[10.9881682,53.3334854],[11.0094669,53.2814236],[11.079933,53.2205537],[11.1926597,53.1821415],[11.1722947,53.1567117],[11.184225,53.1366557],[11.2188953,53.1443564],[11.2904008,53.1169125],[11.3925534,53.1103525],[11.3954188,53.1401778],[11.4597806,53.1402654],[11.5024262,53.1210908],[11.5486346,53.1307084],[11.5694346,53.1655016],[11.5509481,53.2082295],[11.6291082,53.2420816],[11.6994196,53.2439198],[11.7274053,53.23167],[11.7284974,53.2169497],[11.8286633,53.2284619],[11.7959488,53.2533115],[11.861657,53.248446],[11.892566,53.278955],[11.953612,53.27341],[11.9736314,53.2975211],[12.023709,53.304355],[12.0140259,53.3342296],[12.0561608,53.3492483],[12.0450325,53.370838],[12.077534,53.369266],[12.081924,53.346194],[12.106835,53.34353],[12.151788,53.361457],[12.168702,53.339156],[12.229785,53.358135],[12.260042,53.323897],[12.310277,53.327242],[12.3945883,53.301747],[12.3920423,53.2848889],[12.4291953,53.2741094],[12.4457584,53.2497988],[12.5296734,53.2647431],[12.6056451,53.2443351],[12.6552112,53.2552413],[12.674836,53.2482918],[12.6706604,53.2296943],[12.757725,53.2240936],[12.7392262,53.1997659],[12.7642528,53.1889716],[12.8459274,53.2010655],[12.8797182,53.1793587],[12.9654435,53.2002456],[12.9798926,53.1906976],[12.9438211,53.1728189],[13.0046346,53.1668683],[13.0188398,53.1854593],[13.1064782,53.215104],[13.1081776,53.2386208],[13.1521132,53.2512124],[13.1810676,53.2509545],[13.2025414,53.2220451],[13.2297912,53.2166134],[13.2526154,53.2621215],[13.2985095,53.281073],[13.360916,53.2777589],[13.385834,53.2447754],[13.4053636,53.2464277],[13.442366,53.286425],[13.4378102,53.299583],[13.4835895,53.2912283],[13.5025447,53.3274279],[13.523603,53.3199168],[13.5163553,53.3521346],[13.5561682,53.3760389],[13.5503344,53.3993534],[13.6247668,53.4089757],[13.6405896,53.4471123],[13.7117843,53.4813703],[13.8121129,53.4841348],[13.8271893,53.4982974],[13.7782235,53.5140095],[13.7913792,53.5587965],[13.8218352,53.518063],[13.8795635,53.5040362],[13.8751145,53.4735911],[13.9181378,53.4554101],[13.9029057,53.4318102],[13.9181551,53.4219135],[14.0012626,53.4349135],[14.081912,53.4108468],[14.1219294,53.441704],[14.1793759,53.4225261],[14.2375691,53.4275524],[14.2437564,53.3946138],[14.2273391,53.3626727],[14.0991049,53.2615191],[14.2625226,53.2586351],[14.2619808,53.2765023],[14.3020606,53.2862077],[14.3163464,53.3122793],[14.4122208,53.3295304],[14.3902904,53.3537477],[14.3712744,53.4564396],[14.3580532,53.4573277],[14.3506549,53.4960036],[14.3269366,53.503824],[14.3026103,53.5534048],[14.3169455,53.6180635],[14.2838985,53.6344457],[14.2847917,53.6586917],[14.2706609,53.6666774],[14.2836998,53.6825852],[14.2668113,53.6987001],[14.2669556,53.7534889],[14.2835972,53.7722972],[14.2124192,53.8672827],[14.2057721,53.9105519],[14.1853306,53.9119624],[14.2260977,53.9277313],[14.2422083,53.9877278],[14.1680194,54.2388],[14.0696389,54.2776417],[14.0782917,54.4411306],[13.9975635,54.6489624],[13.9085794,54.7195069],[13.649826,54.8389616],[13.5456122,54.8732719],[13.427221,54.8849662],[13.1791823,54.8628599],[12.9715747,54.7857772],[12.748816,54.74402],[12.3221503,54.5779051],[12.3002059,54.5117927],[12.2585394,54.4512358],[12.1652063,54.3854011],[11.9515957,54.3337332],[11.6666831,54.3308936],[11.672386,54.315226],[11.1238085,54.1029466],[10.9035998,53.956994],[10.8958102,53.9241138],[10.9605722,53.9146527],[10.9684345,53.907931],[10.9114031,53.8973074],[10.9115627,53.9146081],[10.8818162,53.9240696],[10.7481143,53.8516931],[10.7733749,53.7923761],[10.7584895,53.7473673],[10.8077912,53.7381933],[10.8116844,53.7196853],[10.8507376,53.7002568],[10.9225009,53.6993057],[10.9523116,53.6468933],[10.9297414,53.6289332],[10.9112457,53.5720358],[10.8225172,53.5744028],[10.8320757,53.5426764],[10.8134133,53.5209587],[10.8239007,53.5136937],[10.7863257,53.5102848],[10.7558889,53.4833346],[10.7019504,53.4783179],[10.6929963,53.4551476],[10.6322142,53.4549504],[10.6168026,53.3843925],[10.5938991,53.3678147]]]}},{"type":"Feature","properties":{"name":"Berlin","country":"DE"},"geometry":{"type":"MultiPolygon","coordinates":[[[[13.088345,52.4196325],[13.1381026,52.3978562],[13.1272922,52.3916083],[13.1310825,52.3872512],[13.2459511,52.4211746],[13.2497798,52.4049784],[13.2967517,52.4162514],[13.3120638,52.3991062],[13.3433453,52.411724],[13.3884283,52.3778616],[13.4208126,52.3761384],[13.4187486,52.4099774],[13.4635491,52.4210797],[13.4797604,52.3959454],[13.5384314,52.4006334],[13.5354929,52.3889916],[13.5926921,52.3938149],[13.6058208,52.3736244],[13.6426777,52.3775085],[13.6363196,52.3468193],[13.6477328,52.3382448],[13.6999584,52.3755917],[13.686831,52.3853033],[13.7390343,52.4073353],[13.7400963,52.4324723],[13.729727,52.4339755],[13.7263139,52.4351868],[13.7228074,52.4371442],[13.7611609,52.4377097],[13.7012591,52.4682238],[13.7046132,52.4547613],[13.648307,52.4787311],[13.6113673,52.470652],[13.6569123,52.5298379],[13.6256871,52.5301844],[13.6373759,52.5422554],[13.5863822,52.5497848],[13.5815424,52.5711074],[13.5081184,52.5921389],[13.4971188,52.6066677],[13.5058558,52.6257537],[13.5178192,52.6295666],[13.523022,52.6450365],[13.4907625,52.6547958],[13.4794873,52.6755087],[13.450782,52.6626681],[13.4699645,52.6518641],[13.4408204,52.6492654],[13.4243513,52.6354682],[13.3945552,52.647556],[13.3892033,52.6376251],[13.3763755,52.6283786],[13.3576479,52.6229807],[13.3026102,52.6271913],[13.3101003,52.6573953],[13.2827678,52.6607411],[13.2838319,52.6411189],[13.2621503,52.6406872],[13.2642342,52.6268645],[13.2205414,52.6283185],[13.2016215,52.6065502],[13.2173951,52.5874783],[13.1645286,52.5987969],[13.1289619,52.5873048],[13.1535443,52.5732555],[13.1455742,52.5527201],[13.1304676,52.5559749],[13.1173799,52.51706],[13.1688227,52.5092271],[13.1176933,52.4773203],[13.109295,52.4506349],[13.1231531,52.4387089],[13.088345,52.4196325]],[[13.4339193,52.6419788],[13.4336264,52.6421286],[13.4340492,52.6421656],[13.4339193,52.6419788]]],[[[13.3927442,52.6456438],[13.3927858,52.6454947],[13.3929209,52.6456661],[13.3927442,52.6456438]]],[[[13.3930208,52.6460056],[13.393058,52.6459089],[13.3930902,52.6460336],[13.3930208,52.6460056]]],[[[13.5037765,52.6192121],[13.5054362,52.6196852],[13.5054513,52.6198896],[13.5037765,52.6192121]]]]}},{"type":"Feature","properties":{"name":"Hamburg","country":"DE"},"geometry":{"type":"MultiPolygon","coordinates":[[[[8.1044993,54.02505],[8.429328,53.8932944],[8.5338059,53.8852572],[8.5760454,53.8450037],[8.5456774,53.9300833],[8.394369,54.02765],[8.1044993,54.02505]]],[[[9.7301155,53.557642],[9.7743919,53.5543254],[9.7655587,53.5410972],[9.7812903,53.5186423],[9.7635785,53.5082559],[9.8027631,53.4938403],[9.7998062,53.469426],[9.8618312,53.4296174],[9.898744,53.4579631],[9.9171809,53.4465573],[9.9109366,53.4140444],[9.9438393,53.4294535],[9.9833477,53.4146204],[10.0292108,53.4352988],[10.022244,53.4475535],[10.0453939,53.4463998],[10.0516158,53.4639106],[10.1655462,53.399327],[10.2335146,53.3952678],[10.3252805,53.4498342],[10.3007275,53.4427308],[10.218276,53.4992345],[10.2104116,53.5199281],[10.1878449,53.5115062],[10.1623971,53.5224558],[10.168776,53.5373854],[10.1518741,53.5354775],[10.1524664,53.5779107],[10.2012914,53.5839951],[10.1888537,53.6130726],[10.2219942,53.6336457],[10.1896394,53.6383737],[10.1958919,53.6547514],[10.139962,53.6803593],[10.1917444,53.7226967],[10.16775,53.7393165],[10.1211309,53.7131603],[10.1157539,53.7160823],[10.0819849,53.7204444],[10.0603779,53.6883088],[10.0692731,53.6795252],[9.9996163,53.6815178],[9.9858091,53.6482375],[9.9068779,53.6524844],[9.8891982,53.6228692],[9.8248382,53.5842314],[9.7705486,53.6160312],[9.7712678,53.6314046],[9.7301155,53.557642]],[[10.1161288,53.7138147],[10.1169046,53.7141972],[10.1169326,53.7138537],[10.1161288,53.7138147]]],[[[10.1698569,53.6691301],[10.1689938,53.6682413],[10.1703943,53.6687563],[10.1698569,53.6691301]]]]}},{"type":"Feature","properties":{"name":"Schleswig-Holstein","country":"DE"},"geometry":{"type":"MultiPolygon","coordinates":[[[[7.5211615,54.1958976],[7.5342448,54.1399242],[7.573439,54.0883121],[7.6414665,54.0338388],[7.7280494,53.9941435],[7.8658146,54.0227677],[8.4989183,54.0284659],[8.768353,53.9643971],[8.8096102,53.9067101],[8.9946304,53.8725928],[9.2493835,53.8754787],[9.3195032,53.8509127],[9.4226152,53.7406359],[9.5019946,53.6969924],[9.5506295,53.6159739],[9.7044811,53.5590979],[9.7301155,53.557642],[9.7712678,53.6314046],[9.7705486,53.6160312],[9.8248382,53.5842314],[9.8891982,53.6228692],[9.9068779,53.6524844],[9.9858091,53.6482375],[9.9996163,53.6815178],[10.0692731,53.6795252],[10.0603779,53.6883088],[10.0819849,53.7204444],[10.1157539,53.7160823],[10.1211309,53.7131603],[10.1721119,53.7383502],[10.1917444,53.7226967],[10.139962,53.6803593],[10.1958919,53.6547514],[10.1896394,53.6383737],[10.2219942,53.6336457],[10.1888537,53.6130726],[10.2012914,53.5839951],[10.1524664,53.5779107],[10.1623971,53.5224558],[10.2104116,53.5199281],[10.218276,53.4992345],[10.2992887,53.4434937],[10.3252805,53.4498342],[10.3079906,53.433285],[10.5794229,53.3598218],[10.6168026,53.3843925],[10.6322142,53.4549504],[10.6929963,53.4551476],[10.7019504,53.4783179],[10.7558889,53.4833346],[10.7863257,53.5102848],[10.8239007,53.5136937],[10.8134133,53.5209587],[10.8320757,53.5426764],[10.8225172,53.5744028],[10.9112457,53.5720358],[10.9297414,53.6289332],[10.9523116,53.6468933],[10.9225009,53.6993057],[10.8507376,53.7002568],[10.8116844,53.7196853],[10.8077912,53.7381933],[10.7584895,53.7473673],[10.7733749,53.7923761],[10.7479903,53.8511092],[10.7714492,53.8732808],[10.8474159,53.8967786],[10.8831421,53.9244017],[10.9115627,53.9146081],[10.9114031,53.8973074],[10.9684345,53.907931],[10.8958102,53.9241138],[10.9035998,53.956994],[11.1238085,54.1029466],[11.672386,54.315226],[11.5382634,54.4076234],[11.3110417,54.5295702],[11.14132,54.5770711],[10.8199321,54.5473481],[10.7546545,54.5142918],[10.651667,54.510167],[10.3388225,54.5931821],[10.1693786,54.7381849],[10.0515511,54.7660835],[9.8943068,54.8417955],[9.7399423,54.8233105],[9.6046324,54.8545174],[9.6280128,54.879789],[9.5927151,54.8868518],[9.4977592,54.841226],[9.4351372,54.8270495],[9.3828349,54.8391876],[9.343714,54.8002468],[9.2949392,54.8016748],[9.2500812,54.8096381],[9.2403397,54.8499489],[9.1429933,54.8730246],[9.0478076,54.8720217],[8.9480753,54.9025382],[8.7279111,54.8927495],[8.555431,54.920839],[8.557248,54.992817],[8.501565,55.000013],[8.472164,55.025338],[8.472381,55.054718],[8.346845,55.06529],[8.31865,55.08501],[8.290037,55.064762],[8.044381,55.099161],[7.9497981,54.9300796],[7.9324927,54.7349366],[7.9645759,54.6015728],[8.1614085,54.3333173],[7.9832981,54.3887351],[7.7508548,54.3831238],[7.6517719,54.3517064],[7.5848834,54.3109],[7.5353558,54.2517877],[7.5211615,54.1958976]],[[10.1689938,53.6682413],[10.1698569,53.6691301],[10.1703943,53.6687563],[10.1689938,53.6682413]]],[[[10.1169046,53.7141972],[10.1161288,53.7138147],[10.1169326,53.7138537],[10.1169046,53.7141972]]]]}},{"type":"Feature","properties":{"name":"Bremen","country":"DE"},"geometry":{"type":"MultiPolygon","coordinates":[[[[8.4815929,53.2264612],[8.5339491,53.1868528],[8.6199286,53.1669347],[8.6665183,53.0916568],[8.7039155,53.0815131],[8.7096369,53.0460291],[8.7307672,53.0337609],[8.7705645,53.0531493],[8.8220631,53.0208541],[8.8667778,53.0217816],[8.8619665,53.0356485],[8.8663281,53.0407028],[8.9160835,53.0111644],[8.9802995,53.0468292],[8.9611197,53.0850442],[8.99083,53.0965981],[8.9472416,53.1161889],[8.9832813,53.1256263],[8.9447878,53.1521466],[8.9121398,53.1325421],[8.863219,53.131423],[8.82926,53.1642765],[8.7761597,53.1581967],[8.6994273,53.1854383],[8.6593758,53.17718],[8.627948,53.198289],[8.5933778,53.1842081],[8.5801618,53.1931162],[8.5990987,53.2127682],[8.5540199,53.2077822],[8.517496,53.2285462],[8.4815929,53.2264612]]],[[[8.4923879,53.6018703],[8.5575604,53.534565],[8.4925956,53.4724672],[8.6032628,53.4842984],[8.6510221,53.5108512],[8.6383479,53.533041],[8.6467454,53.5556156],[8.6196793,53.5747197],[8.6509327,53.604004],[8.5928986,53.5930812],[8.4923879,53.6018703]]],[[[8.613366,53.1973718],[8.6155162,53.194571],[8.6166854,53.1957575],[8.613366,53.1973718]]],[[[8.6517803,53.610083],[8.6538355,53.6024412],[8.6591759,53.6080925],[8.6517803,53.610083]]]]}},{"type":"Feature","properties":{"name":"Rheinland-Pfalz","country":"DE"},"geometry":{"type":"Polygon","coordinates":[[[6.1122591,50.0597466],[6.1458929,50.0226284],[6.1295475,50.0184904],[6.1495817,50.0089296],[6.1377639,49.9983024],[6.17247,49.9846187],[6.1776757,49.9535182],[6.1904271,49.9688593],[6.1976578,49.9481671],[6.2239085,49.9500812],[6.2177849,49.923706],[6.233593,49.900141],[6.3117351,49.8691285],[6.3214216,49.8384534],[6.3639434,49.8507165],[6.4302721,49.810377],[6.4709859,49.8223227],[6.5106633,49.8014798],[6.5294962,49.8090867],[6.5058288,49.7902541],[6.5181499,49.7621061],[6.5001182,49.7517749],[6.5171488,49.7234682],[6.4954757,49.726083],[6.5062626,49.7135003],[6.4270496,49.6666576],[6.4398686,49.6561414],[6.4211299,49.6208406],[6.3752774,49.5925544],[6.3812817,49.577286],[6.3569019,49.573162],[6.3793758,49.5513652],[6.5165635,49.5274877],[6.5637658,49.5406251],[6.6055387,49.5167005],[6.6529961,49.5511759],[6.6905805,49.5352664],[6.8136779,49.5920532],[6.8349918,49.5830132],[6.8645864,49.6079825],[6.9294601,49.6125249],[6.9412454,49.6349324],[6.9915677,49.635465],[6.986088,49.621078],[7.027668,49.639427],[7.0881834,49.5994375],[7.1727135,49.6011085],[7.1723154,49.5861041],[7.2134306,49.5656402],[7.2684616,49.5841728],[7.2758086,49.5378296],[7.309201,49.5235266],[7.2858495,49.5168482],[7.2781844,49.4841756],[7.3056425,49.4741398],[7.2462765,49.4461825],[7.2504577,49.4349733],[7.291253,49.4158558],[7.2897041,49.3896592],[7.3557947,49.3797644],[7.3662876,49.3634952],[7.3994507,49.3718794],[7.3914066,49.3499058],[7.4048307,49.3423527],[7.3780763,49.320502],[7.3953072,49.3150477],[7.3771929,49.2836562],[7.3348149,49.2782158],[7.3451055,49.2717585],[7.3247614,49.2482481],[7.3089255,49.2572287],[7.2892979,49.2381773],[7.3040304,49.2221488],[7.295621,49.2053629],[7.3627273,49.158362],[7.3654443,49.1720895],[7.4457686,49.1843031],[7.4333795,49.1652785],[7.4939756,49.1694062],[7.50598,49.1509733],[7.4894474,49.1364999],[7.528757,49.0970515],[7.6295217,49.0735692],[7.6315603,49.0549149],[7.7572879,49.045315],[7.7944344,49.0657512],[7.8673397,49.032962],[7.9339765,49.0579226],[7.9750779,49.0265643],[8.0496029,49.0143218],[8.0879638,48.9897114],[8.2325779,48.9664472],[8.2861797,48.9967795],[8.311236,49.0533888],[8.358781,49.0989368],[8.3681413,49.1675551],[8.4053451,49.2203977],[8.385159,49.2188974],[8.3891349,49.2338318],[8.4887603,49.2932993],[8.4502566,49.3241758],[8.4967039,49.3639746],[8.5005922,49.389],[8.4724731,49.3732915],[8.4635494,49.3844979],[8.4963777,49.4022479],[8.5079853,49.435479],[8.4425716,49.4504978],[8.463894,49.4706789],[8.4148994,49.5534979],[8.4230335,49.5826647],[8.3547184,49.6807482],[8.3655683,49.6997785],[8.4377756,49.7223451],[8.4795478,49.762834],[8.4215836,49.7691897],[8.3799623,49.8219894],[8.383942,49.8551272],[8.3415162,49.8822576],[8.3545105,49.9166515],[8.3273554,49.9690516],[8.2433881,50.0284268],[8.1857816,50.0355153],[7.9688282,49.9779809],[7.8773686,49.9727772],[7.8516204,50.0134595],[7.7724673,50.0583311],[7.8028331,50.0848184],[7.8373559,50.0839695],[7.8297601,50.0977925],[7.8541934,50.1285672],[7.8844495,50.1142235],[7.9045184,50.1216295],[7.9205178,50.1036852],[7.9299518,50.1039025],[7.9324598,50.1438804],[7.8848177,50.168235],[7.9098223,50.2038024],[7.9900576,50.2387633],[8.0349461,50.2158338],[8.0585441,50.2342381],[8.0214941,50.2583042],[8.0358503,50.2712134],[8.1030615,50.2596562],[8.1217134,50.2773533],[8.1028863,50.3270385],[8.0712685,50.3315523],[8.059653,50.3754337],[8.0145422,50.3839977],[8.0243124,50.4009796],[7.964013,50.411689],[7.9867104,50.4224112],[7.9752643,50.4376117],[8.0107545,50.4527533],[7.9791426,50.484659],[7.9927844,50.5221564],[8.041403,50.5571162],[8.0705725,50.5378093],[8.1187227,50.5353686],[8.1106068,50.54297],[8.1373438,50.5521877],[8.1522888,50.5938529],[8.1259049,50.6099162],[8.1405829,50.631511],[8.1100478,50.6574552],[8.1258178,50.6858528],[8.0793916,50.7066116],[8.0389315,50.6968958],[8.0403011,50.7268758],[7.9685922,50.7744654],[7.9781794,50.8333957],[7.9671562,50.8440284],[7.9174955,50.8444399],[7.8819777,50.8743758],[7.8287614,50.8821025],[7.8448378,50.930595],[7.7926985,50.9423049],[7.7352161,50.9176253],[7.7601608,50.9003094],[7.7483033,50.8671165],[7.7626679,50.8446605],[7.7298516,50.8513128],[7.700156,50.8255542],[7.6593349,50.8201875],[7.6789522,50.8096047],[7.6779357,50.7815029],[7.5985634,50.7667627],[7.5920953,50.7414604],[7.5514866,50.7465847],[7.436596,50.7098538],[7.3743395,50.7182575],[7.3574117,50.6979845],[7.3720923,50.6819257],[7.359362,50.6507378],[7.334364,50.6379378],[7.2125909,50.6233498],[7.202917,50.6498917],[7.1894752,50.623856],[7.1478302,50.6003191],[7.1153337,50.6120132],[7.0903771,50.5859149],[7.056152,50.6062659],[6.9980456,50.5650075],[6.9306531,50.5604374],[6.9300506,50.5331226],[6.8822305,50.5270102],[6.9055536,50.4849991],[6.9016081,50.4690616],[6.8677931,50.4561315],[6.8120264,50.4722089],[6.8008583,50.4913672],[6.7449217,50.4732432],[6.7665425,50.4583439],[6.7454146,50.4362903],[6.7850021,50.4206838],[6.7694907,50.3930117],[6.8000872,50.3608031],[6.6986535,50.3356966],[6.6684759,50.3717572],[6.6503063,50.3481237],[6.6237278,50.3516753],[6.6269681,50.3729513],[6.6038021,50.3752456],[6.6033425,50.3881849],[6.4515046,50.335478],[6.4610593,50.3593593],[6.4489934,50.371019],[6.4301549,50.3632071],[6.4129888,50.3896242],[6.3847927,50.3840788],[6.4262027,50.3229415],[6.3821397,50.3220371],[6.3633754,50.305187],[6.3330558,50.3235779],[6.3064697,50.3201903],[6.2785147,50.2664522],[6.1755961,50.2352832],[6.1665043,50.2197571],[6.1888515,50.2053321],[6.1924961,50.1820679],[6.1396769,50.1690823],[6.1476607,50.1605452],[6.132017,50.153507],[6.1545017,50.1416393],[6.1293513,50.1213351],[6.1329847,50.0933603],[6.1157656,50.0745908],[6.129215,50.0733756],[6.1122591,50.0597466]]]}},{"type":"Feature","properties":{"name":"Saarland","country":"DE"},"geometry":{"type":"Polygon","coordinates":[[[6.3557914,49.5303831],[6.3749677,49.4643716],[6.4280271,49.4769475],[6.5519795,49.4247734],[6.5407342,49.4011016],[6.6022999,49.3671105],[6.5657732,49.3478313],[6.6153787,49.3016258],[6.6703217,49.280265],[6.6615829,49.2580485],[6.6900659,49.2496544],[6.6957716,49.2152308],[6.7231778,49.2190114],[6.7315126,49.2059608],[6.7112891,49.1883652],[6.7385568,49.1636722],[6.7825842,49.1682043],[6.8341753,49.1512816],[6.8619435,49.1789235],[6.8376294,49.2132056],[6.8594026,49.2227527],[6.8926111,49.2088272],[6.925216,49.2233906],[7.0109133,49.1879496],[7.0350314,49.1914361],[7.0277989,49.1700869],[7.0556558,49.1120517],[7.0895426,49.1303434],[7.0802938,49.1488141],[7.0996012,49.1555499],[7.1132552,49.151938],[7.1041522,49.1383319],[7.1261554,49.1419566],[7.1594015,49.1204144],[7.1861574,49.1311852],[7.1983217,49.1152079],[7.2452803,49.1300548],[7.2935556,49.1149892],[7.325787,49.1433235],[7.3626813,49.1432614],[7.3689618,49.1616885],[7.295621,49.2053629],[7.3040304,49.2221488],[7.288695,49.2362895],[7.3073435,49.25677],[7.3247614,49.2482481],[7.3451055,49.2717585],[7.3348149,49.2782158],[7.3867885,49.2933572],[7.3805543,49.3064837],[7.3953052,49.3151657],[7.3780763,49.320502],[7.402853,49.3376912],[7.3911417,49.3531985],[7.4019031,49.3681098],[7.3662876,49.3634952],[7.3557947,49.3797644],[7.2897041,49.3896592],[7.291253,49.4158558],[7.2504577,49.4349733],[7.2462765,49.4461825],[7.3056425,49.4741398],[7.2781844,49.4841756],[7.2858495,49.5168482],[7.309201,49.5235266],[7.2758086,49.5378296],[7.2684616,49.5841728],[7.2134306,49.5656402],[7.1723154,49.5861041],[7.1727135,49.6011085],[7.0881834,49.5994375],[7.0318675,49.6383308],[6.986088,49.621078],[6.9915677,49.635465],[6.951336,49.6251485],[6.9447108,49.6359292],[6.9294601,49.6125249],[6.8645864,49.6079825],[6.8349918,49.5830132],[6.8136779,49.5920532],[6.6905805,49.5352664],[6.6529961,49.5511759],[6.6055387,49.5167005],[6.5637658,49.5406251],[6.5165635,49.5274877],[6.4301409,49.5491239],[6.3793758,49.5513652],[6.3557914,49.5303831]]]}},{"type":"Feature","properties":{"name":"Wien","country":"AT"},"geometry":{"type":"Polygon","coordinates":[[[16.181831,48.1711198],[16.2232057,48.153185],[16.2098585,48.1476248],[16.2207895,48.1355562],[16.2384279,48.1371556],[16.2146658,48.1258865],[16.2189135,48.1237615],[16.2711035,48.1338515],[16.3118098,48.1194453],[16.3246033,48.1377929],[16.4370202,48.1199322],[16.43313,48.1378785],[16.4776252,48.1574352],[16.5760306,48.1352198],[16.5775132,48.150425],[16.536692,48.1734491],[16.5469749,48.2629977],[16.5128534,48.267838],[16.5149068,48.2855411],[16.4964491,48.2924897],[16.472278,48.2763884],[16.4199022,48.322656],[16.3817,48.3171148],[16.3705921,48.2816963],[16.3481253,48.2904811],[16.2913147,48.271364],[16.2566155,48.2398821],[16.20669,48.2635219],[16.1851719,48.2231969],[16.2096215,48.2096276],[16.181831,48.1711198]]]}},{"type":"Feature","properties":{"name":"Niederösterreich","country":"AT"},"geometry":{"type":"Polygon","coordinates":[[[14.4526384,48.0639389],[14.4937537,47.997737],[14.6260006,47.943263],[14.703753,47.9256006],[14.7278813,47.9349639],[14.7719469,47.8830231],[14.7100015,47.8506462],[14.7249584,47.84111],[14.7113705,47.8153888],[14.7318462,47.8040908],[14.7118831,47.7900873],[14.7463622,47.7559239],[14.736062,47.744942],[14.7670473,47.7263071],[14.860557,47.7413649],[14.876639,47.7160308],[14.91284,47.7089899],[14.9728373,47.7436027],[15.0292649,47.7526211],[15.0584261,47.7403441],[15.1301626,47.7471829],[15.139404,47.7614352],[15.1993743,47.7534237],[15.2173065,47.7960299],[15.28717,47.790182],[15.2984525,47.8206523],[15.374938,47.825377],[15.406077,47.812803],[15.410482,47.784804],[15.438684,47.79082],[15.449979,47.772728],[15.5088285,47.7672078],[15.513893,47.746507],[15.6072616,47.7522508],[15.6359526,47.7154183],[15.6787319,47.698995],[15.717603,47.711478],[15.725096,47.646452],[15.744399,47.631865],[15.780354,47.642617],[15.8567482,47.620808],[15.847003,47.567787],[15.904341,47.562753],[15.9138538,47.5304246],[16.016036,47.517025],[16.057688,47.4845858],[16.1094672,47.5249921],[16.121431,47.511051],[16.115132,47.474325],[16.135272,47.46663],[16.1433816,47.4386171],[16.1977253,47.4222659],[16.3025477,47.4670251],[16.296968,47.4779805],[16.3396889,47.5161726],[16.309413,47.5458019],[16.313082,47.5651385],[16.3303353,47.599321],[16.3714472,47.6234057],[16.3725495,47.6426291],[16.3566786,47.6795213],[16.3087092,47.6871857],[16.2911163,47.7287108],[16.3036419,47.7848594],[16.2686348,47.7949383],[16.2787513,47.8104949],[16.3089769,47.8073087],[16.3156194,47.7845927],[16.3771918,47.8273172],[16.3860907,47.8453108],[16.3479861,47.8681454],[16.4124897,47.8814291],[16.426986,47.9196768],[16.4893488,47.9429738],[16.5186727,47.9435676],[16.5776974,47.8871262],[16.6323488,47.9294602],[16.6333566,47.9456592],[16.6992938,47.9662994],[16.7026812,48.0123374],[16.8278882,48.0283493],[16.8737685,48.072321],[16.916701,48.0676409],[16.9194709,48.0510805],[16.9690229,48.0410268],[16.9792358,48.0234548],[17.0170057,48.0740514],[16.9686562,48.0962165],[16.9754996,48.1055934],[17.0201914,48.1056052],[17.0287404,48.1000763],[17.0025503,48.092693],[17.03599,48.0843098],[17.068839,48.124116],[17.0571997,48.1437267],[17.0260727,48.141152],[16.9762313,48.1721643],[16.946121,48.235881],[16.957066,48.263818],[16.9203092,48.2735206],[16.894659,48.310219],[16.908784,48.325955],[16.84406,48.350492],[16.8332914,48.3799263],[16.8504859,48.3832588],[16.8636325,48.4193684],[16.850216,48.449472],[16.8960647,48.4965462],[16.916857,48.495347],[16.913914,48.511954],[16.9431781,48.5216327],[16.95388,48.542996],[16.935647,48.571415],[16.9401004,48.6172071],[16.9187277,48.6225109],[16.9233119,48.6695574],[16.9020264,48.7179742],[16.8003328,48.705905],[16.7247482,48.7380313],[16.6825892,48.7277883],[16.6637463,48.7810087],[16.5935885,48.7826671],[16.5407301,48.8142868],[16.5186339,48.798246],[16.4604147,48.8090251],[16.4350029,48.7656278],[16.3780011,48.7284669],[16.3427322,48.7456221],[16.3298843,48.7312458],[16.0941645,48.7466426],[15.9943646,48.7793352],[15.9496301,48.8052493],[15.9583818,48.8230603],[15.8932393,48.8346358],[15.9051808,48.8388504],[15.8976366,48.8483732],[15.8427465,48.8596044],[15.8415432,48.8771245],[15.7795341,48.8748829],[15.753663,48.8521737],[15.689687,48.8556761],[15.6124358,48.8982547],[15.5133902,48.9141221],[15.4684899,48.9518173],[15.4247543,48.9516077],[15.3669737,48.981884],[15.3056931,48.9779183],[15.2788737,48.994659],[15.2616177,48.9536483],[15.2244452,48.9601444],[15.1602433,48.9416908],[15.1697853,48.9622538],[15.1562475,48.9932991],[15.0648428,48.9995865],[15.0654261,49.0142211],[15.0205506,49.0205239],[14.9904394,49.0096538],[14.9978219,48.9919621],[14.976194,48.9710067],[14.9929179,48.9037114],[14.9729379,48.8746545],[14.9845243,48.8423909],[14.9682833,48.8368424],[14.9532569,48.7897844],[14.9795006,48.7722608],[14.9557928,48.7580851],[14.8812929,48.7801091],[14.8086608,48.7788018],[14.8081323,48.7338828],[14.7269676,48.6870691],[14.7123407,48.6500974],[14.7211369,48.6023788],[14.6902184,48.5816446],[14.7366679,48.55223],[14.7579698,48.5638946],[14.807895,48.5559829],[14.9209644,48.5057276],[14.866472,48.4798822],[14.8752486,48.4559193],[14.9494059,48.4136462],[14.9160713,48.3892442],[14.9644755,48.3878613],[14.9435878,48.3248862],[14.9871738,48.3171764],[14.9920477,48.2559269],[14.9521757,48.2191208],[14.9741621,48.1988297],[14.9398249,48.2303475],[14.8814649,48.232588],[14.857335,48.225534],[14.8323618,48.1901062],[14.7152874,48.1786622],[14.6901583,48.1570802],[14.5834324,48.2236372],[14.5211708,48.237611],[14.4813033,48.2032907],[14.4676702,48.1224944],[14.4946929,48.1118199],[14.4590046,48.0911445],[14.4697735,48.0847961],[14.4526384,48.0639389]],[[16.181831,48.1711198],[16.2096215,48.2096276],[16.1851719,48.2231969],[16.20669,48.2635219],[16.2566155,48.2398821],[16.2913147,48.271364],[16.3481253,48.2904811],[16.3535115,48.2837006],[16.3705921,48.2816963],[16.3817,48.3171148],[16.4199022,48.322656],[16.472278,48.2763884],[16.4964491,48.2924897],[16.5149068,48.2855411],[16.5128534,48.267838],[16.5469749,48.2629977],[16.536692,48.1734491],[16.5775132,48.150425],[16.5760306,48.1352198],[16.4776252,48.1574352],[16.43313,48.1378785],[16.4370202,48.1199322],[16.3246033,48.1377929],[16.3118098,48.1194453],[16.2711035,48.1338515],[16.2189135,48.1237615],[16.2384279,48.1371556],[16.2207895,48.1355562],[16.2098585,48.1476248],[16.2232057,48.153185],[16.181831,48.1711198]]]}},{"type":"Feature","properties":{"name":"Oberösterreich","country":"AT"},"geometry":{"type":"Polygon","coordinates":[[[12.749244,48.1085127],[12.7608185,48.0737508],[12.8601772,47.99663],[12.8923371,47.9911212],[12.9103564,48.0220071],[12.940395,48.03668],[12.977426,48.0235426],[13.042152,48.0414691],[13.0750959,48.0040427],[13.1496836,47.9948319],[13.1462307,47.9700119],[13.2968391,48.0106414],[13.3011429,47.9953715],[13.3715404,47.9768473],[13.3582259,47.9396554],[13.3075379,47.9640147],[13.2802893,47.9547157],[13.2811908,47.8972166],[13.2701151,47.8914259],[13.2956378,47.856995],[13.2864124,47.8302304],[13.3122053,47.812829],[13.3898349,47.7942221],[13.5283138,47.7973338],[13.5384534,47.7831177],[13.5152415,47.7720122],[13.4652714,47.7861463],[13.4360932,47.7394932],[13.5508672,47.7141175],[13.4840987,47.6415472],[13.5232992,47.6183336],[13.5052684,47.5819881],[13.4783282,47.5681322],[13.4813373,47.5228169],[13.58902,47.473034],[13.7168269,47.461112],[13.7606735,47.5202958],[13.735461,47.577022],[13.6943539,47.5794481],[13.6955725,47.6327352],[13.706748,47.66475],[13.736986,47.674105],[13.777656,47.7183267],[13.876396,47.72614],[13.919981,47.705104],[14.0105993,47.7008942],[14.055429,47.667886],[14.050779,47.617155],[14.205794,47.652536],[14.232555,47.650628],[14.223098,47.642144],[14.25533,47.61284],[14.312645,47.60636],[14.3915377,47.6359426],[14.3974702,47.6526523],[14.517203,47.6818465],[14.5318484,47.7136906],[14.6476619,47.7256969],[14.6969614,47.7657988],[14.7387703,47.7485312],[14.7463622,47.7559239],[14.7118831,47.7900873],[14.7318462,47.8040908],[14.7113705,47.8153888],[14.7249584,47.84111],[14.7100015,47.8506462],[14.7719469,47.8830231],[14.7278813,47.9349639],[14.703753,47.9256006],[14.6078246,47.949266],[14.4931506,47.998033],[14.4560877,48.0429898],[14.4543407,48.0797512],[14.4699257,48.085623],[14.4585851,48.0905926],[14.4946929,48.1118199],[14.4676702,48.1224944],[14.4894622,48.221598],[14.5211708,48.237611],[14.5604128,48.2311965],[14.6913564,48.1570855],[14.7152874,48.1786622],[14.8323618,48.1901062],[14.857335,48.225534],[14.8814649,48.232588],[14.9398249,48.2303475],[14.9592465,48.2046256],[14.9741621,48.1988297],[14.9521757,48.2191208],[14.9921682,48.2565717],[14.9864481,48.3193071],[14.9436834,48.3236472],[14.9644755,48.3878613],[14.9160713,48.3892442],[14.9494059,48.4136462],[14.8752486,48.4559193],[14.866472,48.4798822],[14.9183124,48.4986423],[14.9013791,48.5212161],[14.8452756,48.5299047],[14.7921236,48.5592821],[14.7366679,48.55223],[14.7118563,48.5786955],[14.6634582,48.5819592],[14.6537968,48.6043363],[14.6263686,48.6045086],[14.6104736,48.6281063],[14.5620564,48.6033296],[14.5032907,48.6173668],[14.4698709,48.6484941],[14.4437604,48.6434296],[14.4560481,48.6251396],[14.4314131,48.5891316],[14.386243,48.5926724],[14.3880813,48.5718809],[14.3576724,48.5746466],[14.3332343,48.5518081],[14.2715453,48.5813734],[14.066963,48.5948589],[14.0689955,48.6069745],[14.0421494,48.6128659],[14.0481344,48.6273669],[14.0105583,48.6396542],[14.0535237,48.6529256],[14.0594662,48.6738245],[13.8432226,48.7725637],[13.7948921,48.715082],[13.8374328,48.7005483],[13.8135045,48.6918408],[13.8257977,48.6185765],[13.8012792,48.5973942],[13.800936,48.5735982],[13.7701003,48.553588],[13.7540706,48.5635695],[13.730522,48.514768],[13.5089626,48.5905995],[13.4753731,48.5560605],[13.4373851,48.5567595],[13.4581087,48.5112687],[13.4273207,48.45774],[13.4398483,48.4325297],[13.4087679,48.3727453],[13.2600371,48.2945574],[13.0805772,48.2771446],[13.0177235,48.2560905],[12.9561334,48.209281],[12.8707174,48.2016185],[12.847214,48.1669188],[12.7994023,48.1467763],[12.7863447,48.1233357],[12.7589665,48.1269882],[12.749244,48.1085127]]]}},{"type":"Feature","properties":{"name":"Steiermark","country":"AT"},"geometry":{"type":"Polygon","coordinates":[[[13.563348,47.420462],[13.603478,47.330099],[13.6075893,47.2835196],[13.711866,47.259502],[13.725328,47.278261],[13.760642,47.266271],[13.823196,47.294161],[13.821333,47.27017],[13.864182,47.252169],[13.850121,47.229644],[13.903216,47.194739],[13.894308,47.185487],[13.993587,47.142061],[13.987264,47.125778],[13.9394894,47.1364191],[13.881176,47.107976],[13.8779902,47.0947114],[13.906776,47.070112],[13.863945,47.019953],[13.8648123,46.9963309],[13.784669,46.943858],[13.81661,46.917769],[13.849653,46.90952],[13.951141,46.942311],[13.949826,46.958195],[14.0086588,46.9726943],[14.0123983,47.0037906],[14.0643484,47.0087238],[14.123482,47.0422121],[14.1285177,47.060852],[14.1624498,47.0523949],[14.2032921,47.0772199],[14.235019,47.0258217],[14.3657638,47.0246539],[14.3828084,47.0139816],[14.385907,46.979997],[14.430198,47.00048],[14.456685,46.995939],[14.458369,47.014117],[14.505757,47.028227],[14.5157419,47.0086504],[14.578754,47.012544],[14.615255,46.9979457],[14.627747,47.013577],[14.7290771,47.0160285],[14.7673479,47.0385609],[14.8436442,47.0483846],[14.8562337,47.0252682],[14.903989,47.0003],[14.9587493,46.9884754],[15.0268507,46.9103626],[15.008109,46.879607],[15.019628,46.844256],[14.990381,46.822422],[14.9762624,46.7847833],[15.0305597,46.769298],[15.044351,46.714673],[15.022422,46.672477],[15.0824241,46.6451691],[15.1083709,46.6598361],[15.2359029,46.6393806],[15.4140706,46.655544],[15.4568522,46.6389778],[15.462113,46.6152523],[15.5022692,46.6139078],[15.5498331,46.638486],[15.5436841,46.6692925],[15.595118,46.6900134],[15.6299763,46.6800447],[15.6536472,46.692098],[15.6499922,46.7057582],[15.7684547,46.6990134],[15.8384001,46.7223741],[15.9116757,46.7100623],[16.0380813,46.6561372],[16.0298175,46.7116107],[16.0036991,46.7170777],[15.9881206,46.7408747],[15.998145,46.8096324],[15.985371,46.827301],[16.006067,46.84525],[16.013812,46.884538],[16.0610018,46.9128359],[16.070221,46.935523],[16.095176,46.93447],[16.12171,46.990667],[16.134923,46.994845],[16.143888,46.991866],[16.1545216,46.9908126],[16.155534,46.992324],[16.086502,47.0741989],[16.1136877,47.1614123],[16.079287,47.225923],[16.0882513,47.2424007],[16.051026,47.333464],[16.0151588,47.367127],[16.06389,47.384956],[16.0841815,47.4091961],[16.0953071,47.4087361],[16.0966979,47.4065096],[16.0821726,47.3973522],[16.0929653,47.3901411],[16.1068259,47.3949311],[16.1012353,47.4147727],[16.1717682,47.422401],[16.115132,47.474325],[16.121431,47.511051],[16.1094672,47.5249921],[16.057688,47.4845858],[16.016036,47.517025],[15.9138538,47.5304246],[15.904341,47.562753],[15.847003,47.567787],[15.8567482,47.620808],[15.780354,47.642617],[15.744399,47.631865],[15.725096,47.646452],[15.717603,47.711478],[15.6787319,47.698995],[15.6359526,47.7154183],[15.6072616,47.7522508],[15.513893,47.746507],[15.5088285,47.7672078],[15.449979,47.772728],[15.438684,47.79082],[15.410482,47.784804],[15.406077,47.812803],[15.374938,47.825377],[15.2984525,47.8206523],[15.28717,47.790182],[15.2173065,47.7960299],[15.1993743,47.7534237],[15.139404,47.7614352],[15.1301626,47.7471829],[15.0584261,47.7403441],[15.0292649,47.7526211],[14.9728373,47.7436027],[14.91284,47.7089899],[14.876639,47.7160308],[14.860557,47.7413649],[14.7670473,47.7263071],[14.6969614,47.7657988],[14.6476619,47.7256969],[14.5318484,47.7136906],[14.517203,47.6818465],[14.3974702,47.6526523],[14.3915377,47.6359426],[14.312645,47.60636],[14.25533,47.61284],[14.223098,47.642144],[14.232555,47.650628],[14.205794,47.652536],[14.050779,47.617155],[14.055429,47.667886],[14.0105993,47.7008942],[13.919981,47.705104],[13.876396,47.72614],[13.777656,47.7183267],[13.736986,47.674105],[13.706748,47.66475],[13.6955725,47.6327352],[13.6943539,47.5794481],[13.735461,47.577022],[13.755934,47.552729],[13.7462845,47.5416694],[13.7606735,47.5202958],[13.7194637,47.480362],[13.7225591,47.4621112],[13.585666,47.474799],[13.5926543,47.4605365],[13.563348,47.420462]]]}},{"type":"Feature","properties":{"name":"Tirol","country":"AT"},"geometry":{"type":"MultiPolygon","coordinates":[[[[10.45444,47.5557964],[10.4313005,47.5037634],[10.4679703,47.4771102],[10.4759458,47.4322233],[10.4374211,47.412688],[10.4367645,47.3803634],[10.39473,47.3756053],[10.3303332,47.3048155],[10.1742128,47.2638805],[10.2236076,47.2499906],[10.1976573,47.2371007],[10.2137523,47.2141613],[10.1966707,47.1920238],[10.2219285,47.1498654],[10.1583218,47.114759],[10.1327561,47.0815029],[10.1569214,47.0488758],[10.12325,47.0221284],[10.1544315,47.0053758],[10.1599238,46.983687],[10.1447493,46.9833775],[10.1260864,46.9427566],[10.0981916,46.9273495],[10.1088485,46.8950041],[10.155884,46.8478758],[10.2326652,46.8662925],[10.2257169,46.8959397],[10.2405831,46.9313701],[10.3160518,46.9251765],[10.3077409,46.9472666],[10.3278289,46.9539816],[10.3465112,46.9895904],[10.3893181,47.0005251],[10.4268035,46.9754181],[10.426142,46.957465],[10.4893516,46.9377888],[10.4646828,46.8842734],[10.4696512,46.8549096],[10.5553028,46.8485959],[10.5461881,46.8372714],[10.6673854,46.8754951],[10.7635261,46.8234685],[10.7301056,46.7884475],[10.7863343,46.7963107],[10.8141084,46.7751316],[10.8406642,46.7817996],[10.882964,46.762851],[10.9232552,46.7753452],[11.024751,46.7664193],[11.0392751,46.8050342],[11.0833307,46.8222859],[11.0714403,46.853266],[11.1016173,46.8896465],[11.0959511,46.9119051],[11.114937,46.9313904],[11.1641438,46.9399384],[11.1644467,46.9658177],[11.2070357,46.9624844],[11.3203456,46.9923799],[11.3586739,46.9905585],[11.4056144,46.9648163],[11.4787804,47.0109818],[11.5385399,46.9840841],[11.6272105,47.0133005],[11.6646887,46.9917472],[11.7114655,46.9932355],[11.7470344,46.9688735],[11.9166932,47.0331774],[12.1335544,47.0773571],[12.0818523,47.1918577],[12.1111145,47.2417795],[12.0760956,47.2695893],[12.1109184,47.3042661],[12.1440884,47.2881302],[12.2256833,47.3129995],[12.2641095,47.3022067],[12.2966018,47.3326052],[12.3745876,47.3113098],[12.4697888,47.3237713],[12.4952177,47.3374285],[12.4793214,47.3709761],[12.5060893,47.3941259],[12.5786159,47.3924989],[12.6375328,47.4365724],[12.6313772,47.4645487],[12.6995919,47.47789],[12.6281755,47.5495427],[12.6666167,47.5786207],[12.652581,47.5891315],[12.5745073,47.6049914],[12.5750269,47.6323152],[12.4991695,47.6251006],[12.440743,47.6739052],[12.4400708,47.6952305],[12.3636175,47.6838421],[12.3380351,47.697055],[12.2552499,47.6794511],[12.2412609,47.6943766],[12.2649807,47.7325165],[12.2570286,47.7430345],[12.2036359,47.7074327],[12.1624246,47.701167],[12.2039614,47.6067646],[12.0219093,47.611083],[12.0085326,47.6251781],[11.8549553,47.6023579],[11.8440415,47.5812118],[11.6361799,47.5945549],[11.6334888,47.5805894],[11.6057627,47.5810794],[11.5724166,47.5145064],[11.5056645,47.5047271],[11.44209,47.517917],[11.3838429,47.4723745],[11.4094382,47.4667359],[11.4211938,47.4445915],[11.3386129,47.4499229],[11.2910304,47.4270797],[11.290057,47.4072642],[11.2698847,47.3975653],[11.2249594,47.3952524],[11.2534161,47.4282377],[11.2069902,47.4339396],[11.1280711,47.4121964],[11.114824,47.3954556],[10.9718964,47.3995575],[10.9836122,47.4300177],[10.9295387,47.4702317],[10.9371742,47.4811371],[10.8700396,47.483255],[10.8719887,47.5003627],[10.918007,47.5136312],[10.890311,47.5373142],[10.777508,47.5139211],[10.7510481,47.537277],[10.6945958,47.5447809],[10.6910027,47.5587703],[10.5979477,47.5697413],[10.5711058,47.5334723],[10.45444,47.5557964]]],[[[10.45444,47.5557964],[10.4707128,47.5797253],[10.4820072,47.584485],[10.428999,47.5776114],[10.45444,47.5557964]]],[[[12.1211839,47.0060669],[12.1382048,46.9819881],[12.1319284,46.9623229],[12.1686892,46.9373018],[12.1438199,46.9137844],[12.1903574,46.9061184],[12.2154215,46.8740059],[12.2421653,46.8908784],[12.2918557,46.865197],[12.3067706,46.8411436],[12.2829344,46.8149423],[12.2839422,46.7829307],[12.3574389,46.774972],[12.3840655,46.7163391],[12.5612642,46.6525155],[12.6906419,46.656976],[12.6894565,46.7026751],[12.7215275,46.7029518],[12.7091231,46.7150518],[12.7198121,46.7413766],[12.79103,46.7564517],[12.8412353,46.7493396],[12.8993908,46.7768509],[12.9314328,46.7640461],[12.9657882,46.7876995],[12.8411643,46.8609827],[12.8370622,46.9124933],[12.7445794,46.960525],[12.7246429,46.9957888],[12.7722815,47.0401529],[12.7170631,47.0434904],[12.6743661,47.0909509],[12.5875469,47.1320638],[12.5451506,47.128876],[12.5215652,47.1506218],[12.3632609,47.1413935],[12.3456207,47.1092705],[12.216569,47.0586865],[12.2047269,47.026883],[12.1474215,47.0249027],[12.1211839,47.0060669]]]]}},{"type":"Feature","properties":{"name":"Kärnten","country":"AT"},"geometry":{"type":"Polygon","coordinates":[[[12.6568293,47.0998399],[12.6995944,47.0730604],[12.7145849,47.0447087],[12.7722815,47.0401529],[12.7259091,46.9923704],[12.7829487,46.931895],[12.8370622,46.9124933],[12.8411643,46.8609827],[12.964769,46.7966217],[12.9314328,46.7640461],[12.8993908,46.7768509],[12.8412353,46.7493396],[12.7249674,46.7434517],[12.7091231,46.7150518],[12.7215275,46.7029518],[12.6894565,46.7026751],[12.6919083,46.6553566],[12.7313958,46.6342959],[12.7625959,46.6479539],[12.8312711,46.6313045],[12.8426032,46.6063533],[13.0837431,46.6020548],[13.1686047,46.5889037],[13.23979,46.5517007],[13.3205735,46.5512327],[13.3722403,46.5792771],[13.4265844,46.5576034],[13.5042521,46.5663077],[13.519886,46.5469057],[13.5613003,46.5518445],[13.5709177,46.538851],[13.6229121,46.5421464],[13.7944625,46.5053395],[13.9120536,46.5211288],[14.006498,46.4813609],[14.0507511,46.4931917],[14.1215201,46.4766104],[14.1632223,46.4336044],[14.2832033,46.4435026],[14.3261652,46.4310081],[14.4296063,46.4470427],[14.4426317,46.4230613],[14.4788929,46.4135123],[14.5217621,46.4272596],[14.5641173,46.3722987],[14.5816764,46.3816582],[14.5959725,46.4368202],[14.6993946,46.4636876],[14.7147636,46.4999596],[14.7284024,46.4903281],[14.7412975,46.5052062],[14.8186088,46.5093839],[14.8230581,46.5459024],[14.8704007,46.6072185],[14.9195671,46.6020793],[14.9228825,46.6208928],[14.9556718,46.6327173],[14.979376,46.6014039],[15.0161603,46.6408348],[15.0651507,46.6523254],[15.022422,46.672477],[15.044351,46.714673],[15.0305597,46.769298],[14.9762624,46.7847833],[14.990381,46.822422],[15.019628,46.844256],[15.008109,46.879607],[15.0268507,46.9103626],[14.9587493,46.9884754],[14.903989,47.0003],[14.842427,47.048644],[14.7673479,47.0385609],[14.7290771,47.0160285],[14.627747,47.013577],[14.615255,46.9979457],[14.578754,47.012544],[14.5157419,47.0086504],[14.505757,47.028227],[14.458369,47.014117],[14.456685,46.995939],[14.430198,47.00048],[14.385907,46.979997],[14.3828084,47.0139816],[14.3657638,47.0246539],[14.235019,47.0258217],[14.2032921,47.0772199],[14.1624498,47.0523949],[14.1285177,47.060852],[14.123482,47.0422121],[14.0679787,47.0104028],[14.0123983,47.0037906],[14.0060887,46.9705551],[13.8482,46.909278],[13.78378,46.938334],[13.7583877,46.9891821],[13.6936667,47.0061206],[13.6933405,47.0402103],[13.6480031,47.0393564],[13.6156715,47.0591524],[13.577109,47.0524081],[13.4576866,47.0803322],[13.4027986,47.0695071],[13.3629757,47.0987863],[13.3100625,47.0861006],[13.2773075,47.0951555],[13.2481537,47.0857813],[13.2481308,47.0505774],[13.0803416,47.0268111],[13.0730306,47.0134127],[13.017883,47.0414656],[12.9648451,47.0390002],[12.9211191,47.0811413],[12.7388567,47.100318],[12.7309039,47.1309943],[12.6661442,47.1228334],[12.6729552,47.1092706],[12.6568293,47.0998399]]]}},{"type":"Feature","properties":{"name":"Salzburg","country":"AT"},"geometry":{"type":"Polygon","coordinates":[[[12.0760956,47.2695893],[12.1109965,47.2425261],[12.0818523,47.1918577],[12.0932574,47.146045],[12.1117992,47.1385147],[12.1398235,47.0799424],[12.1859695,47.0921485],[12.2614091,47.0727075],[12.3586876,47.1167753],[12.3632609,47.1413935],[12.3995162,47.1528157],[12.4655646,47.1443567],[12.4835197,47.157844],[12.6568369,47.0995206],[12.6729552,47.1092706],[12.6661442,47.1228334],[12.7309039,47.1309943],[12.7388567,47.100318],[12.9211191,47.0811413],[12.9648451,47.0390002],[13.017883,47.0414656],[13.0730306,47.0134127],[13.0803416,47.0268111],[13.2481308,47.0505774],[13.2498105,47.0875093],[13.3618151,47.0988853],[13.4027986,47.0695071],[13.457962,47.0803093],[13.6933405,47.0402103],[13.6936667,47.0061206],[13.7583877,46.9891821],[13.7834805,46.9439238],[13.8648123,46.9963309],[13.863945,47.019953],[13.906776,47.070112],[13.8779902,47.0947114],[13.881176,47.107976],[13.9394894,47.1364191],[13.959923,47.123736],[13.996125,47.132811],[13.894308,47.185487],[13.903216,47.194739],[13.850121,47.229644],[13.864182,47.252169],[13.821333,47.27017],[13.823196,47.294161],[13.760642,47.266271],[13.725328,47.278261],[13.711866,47.259502],[13.5979092,47.2932532],[13.603478,47.330099],[13.563348,47.420462],[13.591085,47.47128],[13.5161752,47.4965062],[13.4762071,47.532381],[13.4783282,47.5681322],[13.5052684,47.5819881],[13.5232992,47.6183336],[13.4840987,47.6415472],[13.5508672,47.7141175],[13.4360932,47.7394932],[13.4652714,47.7861463],[13.5152415,47.7720122],[13.5384534,47.7831177],[13.5294742,47.7970255],[13.4901964,47.7891633],[13.4671299,47.8039878],[13.389297,47.7942763],[13.2864124,47.8302304],[13.2956378,47.856995],[13.2701151,47.8914259],[13.2811908,47.8972166],[13.2802893,47.9547157],[13.3075379,47.9640147],[13.3582259,47.9396554],[13.3715665,47.9768239],[13.3011429,47.9953715],[13.2968391,48.0106414],[13.1462307,47.9700119],[13.1496836,47.9948319],[13.0750959,48.0040427],[13.042152,48.0414691],[12.977426,48.0235426],[12.940395,48.03668],[12.9103564,48.0220071],[12.8923371,47.9911212],[12.8601772,47.99663],[12.8748231,47.9632726],[12.9383268,47.9431355],[13.0039559,47.8478992],[12.9296018,47.7729835],[12.9448157,47.7644088],[12.9052586,47.7234349],[12.9738047,47.7071526],[13.0183382,47.7228752],[13.0807484,47.6870338],[13.0989358,47.6351717],[13.062619,47.6014623],[13.0706416,47.586978],[13.0436523,47.5833636],[13.0574986,47.5621479],[13.0309363,47.5325623],[13.0472929,47.521496],[13.0476465,47.4921627],[13.0010473,47.4640123],[12.9780077,47.4846889],[12.9681513,47.474451],[12.9087264,47.4969431],[12.8476923,47.5459785],[12.8039355,47.5501249],[12.7791497,47.5791416],[12.8244836,47.6121071],[12.7585755,47.6515501],[12.7811652,47.6738182],[12.7572069,47.6630364],[12.6958024,47.6822111],[12.6048396,47.6732012],[12.5701653,47.6117199],[12.6665796,47.5787001],[12.6281755,47.5495427],[12.6995919,47.47789],[12.6313772,47.4645487],[12.6375328,47.4365724],[12.6223368,47.4183789],[12.5786159,47.3924989],[12.5060893,47.3941259],[12.4793214,47.3709761],[12.4952177,47.3374285],[12.4697888,47.3237713],[12.3745876,47.3113098],[12.2966018,47.3326052],[12.2641095,47.3022067],[12.2256833,47.3129995],[12.1440884,47.2881302],[12.1145474,47.3064538],[12.0760956,47.2695893]]]}},{"type":"Feature","properties":{"name":"Vorarlberg","country":"AT"},"geometry":{"type":"Polygon","coordinates":[[[9.5307487,47.270581],[9.5672289,47.2418757],[9.5517691,47.223753],[9.5848953,47.2053468],[9.5646263,47.1702461],[9.6216696,47.1513474],[9.6350038,47.1280857],[9.6208325,47.1105398],[9.6335324,47.0834247],[9.6115263,47.0794026],[9.6104066,47.05779],[9.6818398,47.0620979],[9.8361195,47.012531],[9.8762464,47.0212266],[9.8707338,47.0096536],[9.8923039,46.9903589],[9.8707312,46.9632091],[9.8761296,46.9346278],[10.0178184,46.9016148],[10.0511978,46.8639422],[10.0874505,46.8611963],[10.1051887,46.8409011],[10.1447234,46.8498498],[10.0981916,46.9273495],[10.1260864,46.9427566],[10.1447493,46.9833775],[10.1599238,46.983687],[10.1544315,47.0053758],[10.12325,47.0221284],[10.1569214,47.0488758],[10.1327561,47.0815029],[10.1583218,47.114759],[10.2218292,47.1494581],[10.1966707,47.1920238],[10.2137523,47.2141613],[10.1976573,47.2371007],[10.2236076,47.2499906],[10.1742128,47.2638805],[10.172077,47.2790762],[10.2159718,47.311064],[10.1995092,47.3264601],[10.2371623,47.3735651],[10.229432,47.3882082],[10.181849,47.3924258],[10.1658749,47.3688749],[10.1193354,47.375613],[10.0998516,47.3547618],[10.0691713,47.4097939],[10.1055856,47.4287167],[10.0911584,47.4593286],[10.0699906,47.4559503],[10.0447745,47.4876222],[10.0007641,47.4821056],[9.9956949,47.5027787],[9.965262,47.5208928],[9.9707109,47.5457143],[9.9218947,47.5296364],[9.8812471,47.5481426],[9.8745052,47.5285372],[9.815755,47.5476954],[9.8238141,47.5871045],[9.7769663,47.5954393],[9.7347836,47.5339558],[9.6803509,47.5233579],[9.5587204,47.5418932],[9.5619967,47.4962948],[9.5951426,47.4633095],[9.658994,47.4522045],[9.6444766,47.4336636],[9.6738445,47.3838745],[9.6052835,47.3514775],[9.5882928,47.317549],[9.5307487,47.270581]]]}},{"type":"Feature","properties":{"name":"Burgenland","country":"AT"},"geometry":{"type":"Polygon","coordinates":[[[15.9962508,46.8353987],[16.0076586,46.830636],[16.0583798,46.8386634],[16.1792429,46.9066531],[16.1999041,46.9417955],[16.2220532,46.9355965],[16.2494512,46.9613101],[16.2764371,46.9626383],[16.2900942,47.0139621],[16.3033732,46.9982764],[16.3417487,46.996164],[16.3498297,47.0103972],[16.4323446,46.9926676],[16.5123446,47.0015764],[16.4636468,47.0322506],[16.4388931,47.0297151],[16.5205761,47.0561924],[16.4729121,47.0735893],[16.4633499,47.0949728],[16.5293271,47.1272382],[16.5167749,47.1493285],[16.4542992,47.1423097],[16.4549183,47.1873746],[16.4194949,47.194925],[16.4427511,47.2337388],[16.4317869,47.2529454],[16.4671325,47.2528926],[16.4894219,47.2802867],[16.4645412,47.3338592],[16.4337197,47.3528283],[16.4523462,47.3571154],[16.4613946,47.3834846],[16.445457,47.4072195],[16.4853411,47.4089007],[16.4965697,47.3890498],[16.5169091,47.4105951],[16.5757354,47.4063586],[16.6620322,47.4557137],[16.6704924,47.4742622],[16.6523387,47.5003255],[16.6898176,47.5104226],[16.7145237,47.5399337],[16.6645567,47.5662605],[16.6731434,47.6049581],[16.6521179,47.622856],[16.572515,47.6198261],[16.4215432,47.6652971],[16.443356,47.6741131],[16.4473224,47.6963055],[16.4746589,47.6812582],[16.4998365,47.70472],[16.5411128,47.7121671],[16.54798,47.751544],[16.6091111,47.7603722],[16.7209415,47.7353349],[16.7490282,47.6814296],[16.8283274,47.6827354],[16.8669034,47.7216437],[16.875161,47.6883411],[17.0930722,47.7082534],[17.070272,47.7282005],[17.0509772,47.7939831],[17.0744337,47.8082742],[17.0099539,47.8583609],[17.0851896,47.8744352],[17.1126871,47.9273598],[17.0909057,47.934408],[17.1170151,47.9608948],[17.0946624,47.970872],[17.1607728,48.0066643],[17.11006,48.031224],[17.089866,48.019783],[17.067423,48.031428],[17.08779,48.045676],[17.06825,48.055395],[17.086791,48.065356],[17.0716202,48.0810644],[17.0931398,48.091431],[17.077065,48.1151054],[17.0430178,48.1031665],[17.03599,48.0843098],[17.0025503,48.092693],[17.0287404,48.1000763],[17.0201914,48.1056052],[16.9754996,48.1055934],[16.9686562,48.0962165],[17.0170057,48.0740514],[16.9792358,48.0234548],[16.9714899,48.039787],[16.9194709,48.0510805],[16.9170868,48.0674113],[16.8899976,48.0746397],[16.8448382,48.0549012],[16.8278882,48.0283493],[16.7026812,48.0123374],[16.6992938,47.9662994],[16.6333566,47.9456592],[16.6323488,47.9294602],[16.5776974,47.8871262],[16.5186727,47.9435676],[16.4480762,47.9336359],[16.4191833,47.9131535],[16.4124897,47.8814291],[16.3479861,47.8681454],[16.3880207,47.8425623],[16.3435127,47.8014012],[16.3156194,47.7845927],[16.3147122,47.804783],[16.2772691,47.8097585],[16.2687389,47.7910833],[16.3037838,47.7843016],[16.2924395,47.7185509],[16.3087092,47.6871857],[16.3566786,47.6795213],[16.3721241,47.6253903],[16.329441,47.5984111],[16.3131625,47.5653385],[16.309413,47.5458019],[16.3396889,47.5161726],[16.296968,47.4779805],[16.3025477,47.4670251],[16.2239953,47.4273424],[16.1012353,47.4147727],[16.1073429,47.3967032],[16.0945834,47.3905453],[16.0841815,47.4091961],[16.06389,47.384956],[16.0151588,47.367127],[16.051026,47.333464],[16.0882513,47.2424007],[16.079287,47.225923],[16.1136877,47.1614123],[16.086502,47.0741989],[16.155607,46.992796],[16.12171,46.990667],[16.095176,46.93447],[16.070221,46.935523],[16.0610018,46.9128359],[16.013812,46.884538],[15.9962508,46.8353987]]]}},{"type":"Feature","properties":{"name":"Zürich","country":"CH"},"geometry":{"type":"Polygon","coordinates":[[[8.3576934,47.5025251],[8.3741993,47.4804557],[8.3656863,47.4662144],[8.386906,47.4495986],[8.3750807,47.4306656],[8.3922636,47.4216867],[8.3627567,47.4016122],[8.3965674,47.3938629],[8.4132076,47.3263974],[8.4551109,47.3340833],[8.4291373,47.3006768],[8.3886464,47.2900271],[8.4216847,47.2233208],[8.4732967,47.2085254],[8.5826926,47.2179184],[8.6129381,47.2018634],[8.6242864,47.1730314],[8.6749784,47.1594451],[8.692195,47.1634006],[8.6810636,47.1840723],[8.7040423,47.2023023],[8.8086085,47.2200872],[8.8025138,47.2466707],[8.9330965,47.2588875],[8.9488186,47.2809429],[8.9337129,47.288308],[8.984951,47.3193867],[8.943198,47.3859629],[8.903465,47.4020567],[8.9077545,47.4313306],[8.9330979,47.4342278],[8.9068257,47.438788],[8.880982,47.4747555],[8.8976935,47.4851124],[8.8983322,47.5241748],[8.8408106,47.5326867],[8.827884,47.5559835],[8.850965,47.5636108],[8.7482189,47.5923105],[8.7393924,47.6080421],[8.7481175,47.6230444],[8.8028287,47.6011388],[8.8277885,47.6407847],[8.803965,47.6651452],[8.7471948,47.638647],[8.7086867,47.6419089],[8.6846022,47.653398],[8.6694179,47.6848935],[8.6251193,47.6916696],[8.606142,47.6691306],[8.6287064,47.6490551],[8.5958843,47.6430842],[8.6047654,47.6128948],[8.5592394,47.5532498],[8.5335635,47.5821575],[8.5744025,47.6122913],[8.5166824,47.6341218],[8.5083464,47.6175191],[8.456675,47.6023273],[8.4668689,47.5842478],[8.4947484,47.5810328],[8.4187513,47.5651623],[8.4174067,47.5458857],[8.3576934,47.5025251]],[[8.4385215,47.4076154],[8.4398452,47.409019],[8.4403716,47.4085235],[8.4385215,47.4076154]]]}},{"type":"Feature","properties":{"name":"Bern","country":"CH"},"geometry":{"type":"MultiPolygon","coordinates":[[[[7.5583459,47.3223652],[7.496045,47.3021193],[7.3786413,47.3149755],[7.3482086,47.3056775],[7.3425725,47.2935259],[7.3969215,47.2976698],[7.3917671,47.2559006],[7.3453506,47.2477551],[7.3366709,47.2679685],[7.354013,47.2726612],[7.3354515,47.2882746],[7.1637832,47.2940525],[7.1686781,47.2747275],[7.1431017,47.2594775],[7.1557833,47.2475406],[7.0598244,47.2427963],[7.0234483,47.1956998],[6.9807697,47.1742874],[6.9521616,47.187351],[6.8837226,47.1504093],[6.8719698,47.1741209],[6.8614914,47.1656344],[6.8888017,47.1311323],[6.8668615,47.0851193],[6.9298268,47.1125983],[7.0310752,47.1273168],[7.0287285,47.1036698],[7.0868208,47.0856941],[7.077004,47.0759592],[7.0876538,47.0597376],[7.0334846,47.0303369],[7.0251088,47.0060683],[7.0401633,46.9798449],[7.092301,46.9761236],[7.2177855,47.0064089],[7.2356884,46.9845597],[7.1946254,46.962902],[7.2110227,46.9565229],[7.2019595,46.9392965],[7.2126837,46.9284531],[7.1877066,46.9003614],[7.3533906,46.8867562],[7.3493384,46.8533121],[7.3164082,46.8625929],[7.3021525,46.852036],[7.331226,46.831767],[7.2904686,46.7720494],[7.3035949,46.7591894],[7.3000233,46.7224712],[7.3802098,46.6901849],[7.377257,46.6562614],[7.3572816,46.6392831],[7.3455726,46.6553382],[7.3211375,46.6546171],[7.32073,46.5918589],[7.2370801,46.5537934],[7.2491896,46.5211263],[7.2241725,46.4868767],[7.2323341,46.4539369],[7.1925415,46.4352231],[7.2098667,46.416279],[7.1937166,46.378927],[7.2300053,46.3619079],[7.2217297,46.3294194],[7.2526889,46.3301394],[7.2623055,46.3582368],[7.3102862,46.3751591],[7.3156452,46.3436615],[7.4386303,46.3861488],[7.4794061,46.3852585],[7.4904012,46.3702875],[7.5378384,46.3771534],[7.5552666,46.3889833],[7.5286076,46.4002913],[7.5338963,46.4096971],[7.5957488,46.4112172],[7.6260856,46.4450853],[7.7155954,46.4148167],[7.8446273,46.4784867],[7.89779,46.4825305],[7.9676924,46.5128576],[7.9630038,46.539403],[8.0160552,46.5633252],[8.1806699,46.5203934],[8.2580618,46.5294428],[8.3646716,46.5824784],[8.3714122,46.6341155],[8.4102289,46.653028],[8.3996106,46.6928757],[8.452286,46.6887448],[8.4466164,46.7702668],[8.3963865,46.7654996],[8.3693497,46.7882203],[8.2834842,46.7531719],[8.1897906,46.7703167],[8.1469413,46.7548388],[8.090039,46.7876445],[7.9757124,46.7773076],[7.8770771,46.8370701],[7.8572623,46.871459],[7.8818008,46.8996589],[7.8670292,46.9147741],[7.9309434,46.9497136],[7.9562036,47.003424],[7.9018248,47.0062527],[7.866448,47.0497922],[7.8816484,47.0887553],[7.8671131,47.119504],[7.8900972,47.140725],[7.8251138,47.2655748],[7.7326733,47.2591155],[7.6847748,47.2939942],[7.5801066,47.2763483],[7.5959384,47.245569],[7.6405558,47.2297944],[7.6472258,47.2017823],[7.6715278,47.1949714],[7.6728612,47.1683945],[7.6451021,47.1489207],[7.5861404,47.1475453],[7.5634674,47.1683541],[7.5257686,47.162205],[7.5097234,47.1255457],[7.4613252,47.1082327],[7.4750945,47.0867101],[7.454461,47.074927],[7.4354156,47.0801664],[7.4340002,47.1005003],[7.3820297,47.0957424],[7.3714082,47.1225409],[7.4401788,47.1237276],[7.4217922,47.1358605],[7.4970383,47.1700873],[7.4804964,47.171738],[7.4757226,47.1906485],[7.4497638,47.1895691],[7.3842483,47.1601288],[7.3835137,47.1803011],[7.3544799,47.1915316],[7.3404127,47.2175697],[7.5328638,47.294534],[7.5583459,47.3223652]],[[7.215366,46.9307478],[7.2302049,46.9399507],[7.2347728,46.9382743],[7.2342004,46.9293896],[7.215366,46.9307478]],[[7.6744234,47.1539707],[7.6853662,47.1662986],[7.7007985,47.1617746],[7.6901531,47.1525567],[7.6744234,47.1539707]]],[[[7.5583459,47.3223652],[7.5617006,47.3214271],[7.5687248,47.3243436],[7.5721467,47.3289504],[7.552201,47.3453097],[7.527758,47.3226761],[7.5583459,47.3223652]]],[[[7.1132333,46.9105536],[7.1196942,46.9005487],[7.138444,46.9075421],[7.1346639,46.9193928],[7.1132333,46.9105536]]]]}},{"type":"Feature","properties":{"name":"Luzern","country":"CH"},"geometry":{"type":"Polygon","coordinates":[[[7.8364197,47.2244618],[7.8803892,47.1778514],[7.8900972,47.140725],[7.8671131,47.119504],[7.8816484,47.0887553],[7.866448,47.0497922],[7.9018248,47.0062527],[7.9562036,47.003424],[7.9152647,46.9346375],[7.8726633,46.924293],[7.8818008,46.8996589],[7.8572623,46.871459],[7.8770771,46.8370701],[7.9757124,46.7773076],[8.0560911,46.7929483],[8.064483,46.8080646],[8.0421959,46.8364884],[8.0672709,46.8624216],[8.0698227,46.89573],[8.0947803,46.9120431],[8.1112818,46.8927653],[8.1647376,46.9388459],[8.1500976,46.9575261],[8.2288919,46.9700111],[8.2180924,46.9810946],[8.2280597,46.992616],[8.3188426,46.9995668],[8.3344546,46.9890098],[8.368514,47.0199538],[8.3837987,47.0177149],[8.3855857,46.9983185],[8.4260132,46.9981409],[8.4279853,47.0172075],[8.4690692,47.0092892],[8.4736038,46.9955475],[8.5135475,47.0125563],[8.4413774,47.0630894],[8.3905144,47.0613294],[8.4242279,47.1038224],[8.4499974,47.1144263],[8.4930444,47.1001815],[8.4937326,47.1137326],[8.3621789,47.1460979],[8.3002655,47.2714832],[8.2786441,47.2821229],[8.2285843,47.2734177],[8.2050613,47.2259874],[8.185438,47.2224637],[8.15594,47.2378118],[8.1760951,47.2405361],[8.1749106,47.2535367],[8.1244212,47.2413694],[8.088361,47.2628853],[8.0157991,47.244134],[7.9953007,47.2815545],[7.9506427,47.2747843],[7.9618858,47.25406],[7.9334899,47.2358969],[7.8972766,47.2430975],[7.8364197,47.2244618]]]}},{"type":"Feature","properties":{"name":"Uri","country":"CH"},"geometry":{"type":"Polygon","coordinates":[[[8.3973573,46.6842503],[8.4219855,46.6478836],[8.4061408,46.5859648],[8.4352727,46.5403347],[8.4776399,46.5276141],[8.5194731,46.5388742],[8.5130602,46.558077],[8.5392074,46.5867863],[8.6560201,46.568414],[8.6819216,46.5885324],[8.6766766,46.6199699],[8.6510632,46.6345886],[8.6786074,46.6642656],[8.6743566,46.6921441],[8.7430267,46.7155189],[8.76515,46.7444705],[8.7819848,46.7283121],[8.8129787,46.7373147],[8.8185456,46.7624842],[8.8345695,46.7668561],[8.8276774,46.7916416],[8.8742284,46.8088936],[8.8712284,46.8420353],[8.9559119,46.8753321],[8.9534077,46.9006934],[8.9353832,46.9198504],[8.8531815,46.8854035],[8.8488118,46.9127695],[8.8361242,46.9076776],[8.8107042,46.9414524],[8.7076514,46.9171893],[8.6929527,46.9469804],[8.604394,46.9519675],[8.6031397,46.9868403],[8.5710491,46.9901552],[8.5440594,46.9278592],[8.4582984,46.8987778],[8.4790907,46.8825229],[8.4708359,46.8548512],[8.5068781,46.8454783],[8.4863068,46.8320394],[8.4819687,46.8032624],[8.4642643,46.8005376],[8.4811284,46.7984274],[8.4914322,46.7725301],[8.4391075,46.7530098],[8.452286,46.6887448],[8.3973573,46.6842503]]]}},{"type":"Feature","properties":{"name":"Schwyz","country":"CH"},"geometry":{"type":"Polygon","coordinates":[[[8.3887412,47.0697438],[8.4413774,47.0630894],[8.5134969,47.0216876],[8.5090498,47.0044949],[8.4652268,46.9842716],[8.5971389,46.9902116],[8.604394,46.9519675],[8.6929527,46.9469804],[8.7077651,46.9171652],[8.8107042,46.9414524],[8.8361242,46.9076776],[8.8488118,46.9127695],[8.8536157,46.8852832],[8.9638155,46.9275478],[8.9553277,46.9389208],[8.9716405,46.9598614],[8.9457011,46.9671593],[8.9322515,46.9823037],[8.9415038,46.9875887],[8.8929825,47.0236406],[8.9480639,47.0493588],[8.9759838,47.0857083],[8.9538664,47.0914868],[8.9711624,47.1047157],[8.9673854,47.1366351],[9.0047149,47.1732618],[8.9619751,47.1794623],[8.9687098,47.2174142],[8.8397202,47.2082148],[8.7933525,47.2225672],[8.6941823,47.196359],[8.6803545,47.1789911],[8.7011586,47.1509463],[8.6413436,47.0943868],[8.5656651,47.0810323],[8.5624592,47.0937531],[8.5219347,47.0898614],[8.4499974,47.1144263],[8.3887412,47.0697438]]]}},{"type":"Feature","properties":{"name":"Obwalden","country":"CH"},"geometry":{"type":"MultiPolygon","coordinates":[[[[8.0421959,46.8364884],[8.064483,46.8080646],[8.0469368,46.7871155],[8.090039,46.7876445],[8.1469413,46.7548388],[8.1897906,46.7703167],[8.2834842,46.7531719],[8.369237,46.7887221],[8.3221353,46.8202206],[8.3352129,46.8284345],[8.3283699,46.8779775],[8.3434717,46.9149007],[8.3381189,46.9293138],[8.288294,46.9338862],[8.3099143,46.9522203],[8.3013376,46.9776611],[8.1548555,46.9603355],[8.1637458,46.9376699],[8.1112818,46.8927653],[8.0947803,46.9120431],[8.0698227,46.89573],[8.0672709,46.8624216],[8.0421959,46.8364884]]],[[[8.3613047,46.862518],[8.3738456,46.8162192],[8.4263364,46.7772571],[8.3952224,46.7715167],[8.3963865,46.7654996],[8.4914322,46.7725301],[8.4811284,46.7984274],[8.4713186,46.7955297],[8.4642643,46.8005376],[8.4832924,46.8047023],[8.4863068,46.8320394],[8.5068781,46.8454783],[8.4978667,46.853728],[8.4208187,46.8518591],[8.4128201,46.8698465],[8.3747715,46.8479146],[8.3807323,46.873559],[8.3613047,46.862518]]]]}},{"type":"Feature","properties":{"name":"Nidwalden","country":"CH"},"geometry":{"type":"Polygon","coordinates":[[[8.2180924,46.9810946],[8.3071612,46.9759182],[8.3099143,46.9522203],[8.288294,46.9338862],[8.3381189,46.9293138],[8.3434717,46.9149007],[8.3283699,46.8779775],[8.3352129,46.8284345],[8.3221353,46.8202206],[8.3952224,46.7715167],[8.426375,46.7771489],[8.3738456,46.8162192],[8.3641222,46.8673318],[8.3820087,46.8719944],[8.3747715,46.8479146],[8.4128201,46.8698465],[8.4201807,46.8519856],[8.4708359,46.8548512],[8.4790907,46.8825229],[8.4582984,46.8987778],[8.5440594,46.9278592],[8.5749545,46.9831289],[8.4966213,46.9764297],[8.4652268,46.9842716],[8.4690692,47.0092892],[8.4279853,47.0172075],[8.4260132,46.9981409],[8.3855857,46.9983185],[8.3837987,47.0177149],[8.368514,47.0199538],[8.3344546,46.9890098],[8.2654893,46.9981826],[8.2180924,46.9810946]]]}},{"type":"Feature","properties":{"name":"Glarus","country":"CH"},"geometry":{"type":"Polygon","coordinates":[[[8.8712284,46.8420353],[8.8770464,46.8129185],[8.9286326,46.796525],[9.019973,46.8173275],[9.0647082,46.8752091],[9.0949332,46.8708724],[9.1123048,46.850564],[9.2401989,46.9081875],[9.2525772,46.9270313],[9.2362988,46.9448502],[9.2498737,46.9952145],[9.2363488,47.0239832],[9.1380588,47.0391352],[9.1902906,47.0698927],[9.1898696,47.1236999],[9.0686985,47.1298391],[9.0055892,47.1739901],[8.9932839,47.1637845],[8.9541421,47.0942606],[8.9759838,47.0857083],[8.9480639,47.0493588],[8.8929825,47.0236406],[8.9415038,46.9875887],[8.9322515,46.9823037],[8.9457011,46.9671593],[8.9716405,46.9598614],[8.9553277,46.9389208],[8.9631916,46.926723],[8.9353832,46.9198504],[8.9578008,46.8795013],[8.8712284,46.8420353]]]}},{"type":"Feature","properties":{"name":"Zug","country":"CH"},"geometry":{"type":"Polygon","coordinates":[[[8.3948456,47.2257346],[8.4153943,47.1244154],[8.4495527,47.1310114],[8.4556084,47.1134465],[8.4803717,47.1263276],[8.4930444,47.1001815],[8.5219347,47.0898614],[8.5624592,47.0937531],[8.5686087,47.0810849],[8.6413436,47.0943868],[8.7011586,47.1509463],[8.6951804,47.1631583],[8.6247465,47.1727403],[8.6129381,47.2018634],[8.5826926,47.2179184],[8.4732967,47.2085254],[8.4216847,47.2233208],[8.4164867,47.2413224],[8.412332,47.2470484],[8.4100839,47.2483746],[8.3948456,47.2257346]]]}},{"type":"Feature","properties":{"name":"Freiburg","country":"CH"},"geometry":{"type":"MultiPolygon","coordinates":[[[[6.7418691,46.8278756],[6.7872784,46.7996039],[6.7759835,46.7897516],[6.8253956,46.7728385],[6.8590921,46.788003],[6.9109938,46.7797095],[6.9315855,46.8048884],[6.9048859,46.80561],[6.9073993,46.8341945],[6.9306249,46.8532424],[6.891871,46.8649584],[6.9210056,46.8713308],[6.8656901,46.9095751],[6.7418691,46.8278756]]],[[[6.7486996,46.7318048],[6.7665924,46.7188382],[6.7862632,46.7476105],[6.7730139,46.7513623],[6.7486996,46.7318048]]],[[[6.7879104,46.7293627],[6.861867,46.7245857],[6.8820901,46.7498052],[6.8476246,46.7749355],[6.8163384,46.7383267],[6.7879104,46.7293627]]],[[[6.7947786,46.5754199],[6.8464436,46.5839442],[6.8845046,46.5619508],[6.9016508,46.5697244],[6.861957,46.531086],[6.8255319,46.5435674],[6.8108738,46.5251298],[6.8489067,46.4933714],[6.8966967,46.5204422],[6.8957194,46.5077297],[6.9542021,46.5019078],[6.9813247,46.4753879],[6.9874565,46.4379357],[7.0610898,46.4872734],[7.1227852,46.4986989],[7.1483492,46.5284644],[7.1921777,46.5465571],[7.2076536,46.5329056],[7.2813586,46.5841108],[7.3080421,46.5813192],[7.32073,46.5918589],[7.3132626,46.6366241],[7.3296926,46.6418326],[7.3211375,46.6546171],[7.3455726,46.6553382],[7.3572816,46.6392831],[7.377257,46.6562614],[7.3802098,46.6901849],[7.3000233,46.7224712],[7.3035949,46.7591894],[7.2904686,46.7720494],[7.331226,46.831767],[7.3021525,46.852036],[7.3164082,46.8625929],[7.3493384,46.8533121],[7.3533906,46.8867562],[7.1877066,46.9003614],[7.2126837,46.9284531],[7.2019595,46.9392965],[7.2110227,46.9565229],[7.1946254,46.962902],[7.2356884,46.9845597],[7.2177855,47.0064089],[7.092301,46.9761236],[7.0401633,46.9798449],[7.0630447,46.9711067],[7.0578798,46.9386085],[7.0934099,46.90579],[7.037453,46.8455358],[7.0356862,46.8733385],[6.9993331,46.8743296],[7.009506,46.8890365],[6.9811651,46.909421],[6.9866519,46.9196188],[6.9281962,46.9533978],[6.8962302,46.9254861],[6.9648834,46.8653917],[6.9581837,46.881534],[6.9806263,46.8818198],[6.977575,46.8498703],[6.992371,46.8303988],[6.9847526,46.8219331],[6.9710133,46.8240547],[6.9651446,46.8282407],[6.9570895,46.7875933],[6.9091939,46.7587622],[6.9406153,46.7437104],[6.8626915,46.6809465],[6.867348,46.6601001],[6.7989093,46.6491415],[6.7947786,46.5754199]],[[7.1132333,46.9105536],[7.1346639,46.9193928],[7.138444,46.9075421],[7.1196942,46.9005487],[7.1132333,46.9105536]]],[[[6.97096,46.8273837],[6.9710598,46.8260316],[6.9719975,46.8265828],[6.97096,46.8273837]]],[[[7.215366,46.9307478],[7.2342004,46.9293896],[7.2347728,46.9382743],[7.2302049,46.9399507],[7.215366,46.9307478]]]]}},{"type":"Feature","properties":{"name":"Solothurn","country":"CH"},"geometry":{"type":"MultiPolygon","coordinates":[[[[7.3404127,47.2175697],[7.3544799,47.1915316],[7.3835137,47.1803011],[7.3842483,47.1601288],[7.4497638,47.1895691],[7.4757226,47.1906485],[7.4804964,47.171738],[7.4970383,47.1700873],[7.4217922,47.1358605],[7.4401788,47.1237276],[7.3704949,47.1209346],[7.3820297,47.0957424],[7.4340002,47.1005003],[7.4354156,47.0801664],[7.454461,47.074927],[7.4750945,47.0867101],[7.4613252,47.1082327],[7.5097234,47.1255457],[7.5257686,47.162205],[7.5634674,47.1683541],[7.5861404,47.1475453],[7.6451021,47.1489207],[7.6728612,47.1683945],[7.6715278,47.1949714],[7.6472258,47.2017823],[7.6405558,47.2297944],[7.5959384,47.245569],[7.5801066,47.2763483],[7.6847748,47.2939942],[7.7326733,47.2591155],[7.8166484,47.2616729],[7.861261,47.3062354],[7.8891052,47.3114896],[7.9078129,47.3417207],[7.9478386,47.3325181],[7.9479779,47.3171443],[8.0051995,47.3367527],[8.0313762,47.3836869],[7.9632079,47.4223564],[7.98728,47.4287452],[7.9682926,47.4628104],[7.9467846,47.4431934],[7.9550377,47.4156057],[7.9097377,47.398521],[7.883332,47.4060973],[7.8691367,47.3955143],[7.8788122,47.3835105],[7.8021665,47.3610959],[7.7935609,47.3390523],[7.7515254,47.3443298],[7.7279203,47.3688614],[7.6442094,47.3672112],[7.632729,47.4100345],[7.6798083,47.4175173],[7.6848538,47.4478436],[7.709878,47.4693848],[7.666128,47.4968724],[7.6409726,47.4827383],[7.6073069,47.4894028],[7.6044949,47.4704455],[7.6260723,47.4629139],[7.6158051,47.4327515],[7.5689044,47.436897],[7.5807413,47.414704],[7.5252352,47.4116329],[7.5213659,47.3912021],[7.5022557,47.384807],[7.4433323,47.4022986],[7.436132,47.3781131],[7.5237296,47.3720738],[7.5709479,47.3263111],[7.5328638,47.294534],[7.3404127,47.2175697]]],[[[7.3759513,47.4141037],[7.4437629,47.413448],[7.4555765,47.4279232],[7.4209041,47.4459442],[7.3821514,47.4330266],[7.3759513,47.4141037]]],[[[7.4208212,47.4803711],[7.4557419,47.4733811],[7.4452193,47.4623825],[7.4565174,47.4492601],[7.5306846,47.4611927],[7.5366964,47.4850517],[7.5104485,47.5026729],[7.4872823,47.4820181],[7.434989,47.4981058],[7.4208212,47.4803711]]],[[[7.6744234,47.1539707],[7.6901531,47.1525567],[7.7007985,47.1617746],[7.6853662,47.1662986],[7.6744234,47.1539707]]]]}},{"type":"Feature","properties":{"name":"Basel-Stadt","country":"CH"},"geometry":{"type":"Polygon","coordinates":[[[7.5546595,47.5643666],[7.5558883,47.5443407],[7.5872696,47.5419057],[7.5947883,47.5192971],[7.6223107,47.5397776],[7.6176173,47.5586485],[7.6859288,47.5656151],[7.6717499,47.5872757],[7.6938017,47.6007754],[7.6456773,47.596961],[7.6191343,47.5768697],[7.5890388,47.5898969],[7.5546595,47.5643666]]]}},{"type":"Feature","properties":{"name":"Basel-Landschaft","country":"CH"},"geometry":{"type":"MultiPolygon","coordinates":[[[[7.3759513,47.4141037],[7.3824336,47.4314111],[7.327253,47.4400493],[7.357302,47.4150096],[7.3759513,47.4141037]]],[[[7.3759513,47.4141037],[7.4145972,47.3942214],[7.4116675,47.3805898],[7.4373295,47.3808924],[7.4542319,47.4041843],[7.5186167,47.388223],[7.5252352,47.4116329],[7.5807413,47.414704],[7.5689044,47.436897],[7.6158051,47.4327515],[7.6260723,47.4629139],[7.6044949,47.4704455],[7.6073069,47.4894028],[7.6409726,47.4827383],[7.666128,47.4968724],[7.709878,47.4693848],[7.6848538,47.4478436],[7.6798083,47.4175173],[7.632729,47.4100345],[7.6442094,47.3672112],[7.7279203,47.3688614],[7.7515254,47.3443298],[7.7852881,47.3378823],[7.8021665,47.3610959],[7.8788122,47.3835105],[7.8691367,47.3955143],[7.883332,47.4060973],[7.9097377,47.398521],[7.9618317,47.4218343],[7.9467846,47.4431934],[7.9576229,47.4588087],[7.9400366,47.4620234],[7.9470244,47.4848924],[7.9048309,47.4849118],[7.8523391,47.5352386],[7.7866331,47.4931251],[7.7876418,47.5201211],[7.7135285,47.5396438],[7.6757472,47.5334928],[7.6327121,47.5615165],[7.5902549,47.5197945],[7.5872696,47.5419057],[7.5558883,47.5443407],[7.5546595,47.5643666],[7.4980441,47.5361575],[7.5309618,47.5290504],[7.5221956,47.5142011],[7.4978691,47.5212492],[7.5362312,47.4910527],[7.5306846,47.4611927],[7.4565174,47.4492601],[7.4300288,47.4594917],[7.4209041,47.4459442],[7.4506186,47.4353448],[7.4483969,47.4150712],[7.4137135,47.4109334],[7.3759513,47.4141037]]]]}},{"type":"Feature","properties":{"name":"Schaffhausen","country":"CH"},"geometry":{"type":"MultiPolygon","coordinates":[[[[8.404648,47.6980305],[8.4207895,47.6838697],[8.4122123,47.6663293],[8.4659722,47.6572477],[8.4700035,47.639316],[8.4764253,47.6501019],[8.5317933,47.6457482],[8.5269427,47.6604547],[8.606196,47.668663],[8.6251193,47.6916696],[8.663141,47.6852998],[8.6764061,47.698088],[8.6646644,47.7133619],[8.7012698,47.7151988],[8.7280231,47.6927644],[8.7362915,47.7163367],[8.7111578,47.7301379],[8.741137,47.7519844],[8.7140707,47.7653994],[8.6887083,47.7583597],[8.6810329,47.7866054],[8.6568629,47.8004409],[8.6529527,47.7734033],[8.6283229,47.759177],[8.6186022,47.7983226],[8.5680278,47.8084543],[8.5619961,47.7925954],[8.5773306,47.7816659],[8.4849491,47.7713845],[8.4507603,47.7401734],[8.4549449,47.7224527],[8.404648,47.6980305]]],[[[8.5335635,47.5821575],[8.5580779,47.5526089],[8.5957278,47.6056109],[8.5598281,47.5990351],[8.5335635,47.5821575]]],[[[8.7693763,47.7068542],[8.8101129,47.693353],[8.7960578,47.6753367],[8.8308958,47.6743362],[8.8545607,47.6606775],[8.8493792,47.6510084],[8.8754007,47.6549487],[8.8504171,47.6817507],[8.8515348,47.6976179],[8.8727418,47.7040746],[8.8190533,47.712776],[8.8066759,47.7382776],[8.7693763,47.7068542]]]]}},{"type":"Feature","properties":{"name":"Appenzell Ausserrhoden","country":"CH"},"geometry":{"type":"Polygon","coordinates":[[[9.1910895,47.3625476],[9.2074649,47.3561075],[9.2062825,47.3391337],[9.2333058,47.3322059],[9.2098344,47.3208986],[9.2243136,47.2928769],[9.206251,47.2763964],[9.3432725,47.2493952],[9.3097221,47.3218827],[9.3653663,47.3583647],[9.3502139,47.3831073],[9.3790783,47.3867654],[9.4657539,47.346421],[9.5029155,47.3474327],[9.5107223,47.4024612],[9.5329108,47.410669],[9.5233741,47.4214247],[9.5410685,47.4318425],[9.5762532,47.415824],[9.5423917,47.4082017],[9.5565439,47.3963425],[9.5858382,47.4130942],[9.5645681,47.4381427],[9.6309674,47.4422409],[9.532489,47.4678372],[9.5305202,47.4534523],[9.4350094,47.4342903],[9.4246181,47.4068302],[9.2325821,47.3980197],[9.2130315,47.3651233],[9.1910895,47.3625476]],[[9.3627466,47.3860116],[9.3623178,47.3869049],[9.3632449,47.386404],[9.3627466,47.3860116]],[[9.6129801,47.4431656],[9.6131129,47.4436904],[9.6132776,47.4434349],[9.6129801,47.4431656]]]}},{"type":"Feature","properties":{"name":"Appenzell Innerrhoden","country":"CH"},"geometry":{"type":"MultiPolygon","coordinates":[[[[9.3097221,47.3218827],[9.3435275,47.2479033],[9.3820067,47.2339966],[9.4729388,47.2712137],[9.5029155,47.3474327],[9.4657539,47.346421],[9.4309484,47.3708656],[9.3586722,47.3850583],[9.3653663,47.3583647],[9.3097221,47.3218827]]],[[[9.3623178,47.3869049],[9.3627466,47.3860116],[9.3632449,47.386404],[9.3623178,47.3869049]]],[[[9.5082099,47.3955094],[9.5516276,47.3934203],[9.5423917,47.4082017],[9.5762532,47.415824],[9.5389315,47.4317421],[9.5082099,47.3955094]]],[[[9.5581254,47.4328195],[9.5830619,47.4096388],[9.618403,47.4365544],[9.5664175,47.4386723],[9.5581254,47.4328195]]],[[[9.6131129,47.4436904],[9.6129801,47.4431656],[9.6132776,47.4434349],[9.6131129,47.4436904]]]]}},{"type":"Feature","properties":{"name":"St. Gallen","country":"CH"},"geometry":{"type":"MultiPolygon","coordinates":[[[[8.7956223,47.2396676],[8.8342137,47.2086955],[8.9699548,47.2170932],[8.9619751,47.1794623],[8.995498,47.1788824],[9.0681196,47.1299701],[9.1898696,47.1236999],[9.1902906,47.0698927],[9.1380588,47.0391352],[9.2363488,47.0239832],[9.2497229,46.9978232],[9.2362814,46.9454943],[9.2488156,46.9163011],[9.2672303,46.903148],[9.4135233,46.8912556],[9.4488629,46.8728865],[9.51895,46.9703535],[9.5455826,46.9765673],[9.471786,47.0615144],[9.5195806,47.0983373],[9.4897626,47.1964922],[9.5310481,47.2711259],[9.5882928,47.317549],[9.6007126,47.3469074],[9.6624091,47.3710805],[9.6740824,47.3901488],[9.6516178,47.404626],[9.6444766,47.4336636],[9.658994,47.4522045],[9.5951426,47.4633095],[9.5619967,47.4962948],[9.5587204,47.5418932],[9.5069474,47.5497394],[9.4064974,47.4940636],[9.3969902,47.4749763],[9.3665292,47.4854561],[9.3740388,47.5003867],[9.3369147,47.5012833],[9.3563952,47.5195004],[9.3395809,47.5314507],[9.2687617,47.5116691],[9.3166065,47.509596],[9.3081249,47.4982298],[9.3209729,47.4908314],[9.2986449,47.4772327],[9.2131888,47.4789088],[9.1692107,47.5039988],[9.1184831,47.4797256],[9.0402759,47.495765],[9.0036577,47.4809489],[9.0625622,47.4462408],[8.9874682,47.429708],[8.9887235,47.4112635],[8.9447596,47.378009],[8.984951,47.3193867],[8.9337129,47.288308],[8.9488186,47.2809429],[8.9370636,47.2612321],[8.7956223,47.2396676]],[[9.1910895,47.3625476],[9.2130315,47.3651233],[9.2325821,47.3980197],[9.4246181,47.4068302],[9.4350094,47.4342903],[9.5305202,47.4534523],[9.532489,47.4678372],[9.6309674,47.4422409],[9.5882524,47.4254244],[9.6045755,47.4140112],[9.5090734,47.3945885],[9.4849864,47.2837518],[9.401922,47.2375609],[9.206251,47.2763964],[9.2243136,47.2928769],[9.2098344,47.3208986],[9.2333058,47.3322059],[9.2062825,47.3391337],[9.2074649,47.3561075],[9.1910895,47.3625476]],[[9.4480925,47.4980179],[9.4575633,47.5072504],[9.4835464,47.4937655],[9.4643842,47.4841432],[9.4480925,47.4980179]]],[[[9.3569031,47.5118795],[9.3546137,47.5093772],[9.358537,47.5085556],[9.3569031,47.5118795]]]]}},{"type":"Feature","properties":{"name":"Graubünden","country":"CH"},"geometry":{"type":"Polygon","coordinates":[[[8.6510632,46.6345886],[8.6766766,46.6199699],[8.6804191,46.5783898],[8.8007408,46.5632796],[8.9036769,46.5841006],[8.9170865,46.5966025],[8.9072959,46.6157084],[8.9527876,46.6324838],[8.9622081,46.6026404],[8.9953543,46.6117303],[9.0340991,46.6000241],[9.0438905,46.5833747],[9.0192558,46.5475407],[9.022095,46.5122636],[9.0466867,46.4805516],[9.0854176,46.4754072],[9.1030824,46.4127106],[9.0899434,46.4054293],[9.0925867,46.357409],[9.0664459,46.3363606],[9.0746949,46.3128316],[9.0539166,46.292212],[9.0868836,46.2142926],[9.1533958,46.1701855],[9.1839443,46.1706204],[9.2210475,46.2292341],[9.2485896,46.2336989],[9.250317,46.266316],[9.3001292,46.3266096],[9.2962001,46.3556868],[9.276062,46.3677761],[9.2799473,46.4146446],[9.2469833,46.4468066],[9.2780691,46.4614949],[9.2826942,46.4967631],[9.3623707,46.5095095],[9.4092944,46.4668403],[9.4341838,46.4979097],[9.4643284,46.508022],[9.4490853,46.4843814],[9.4655789,46.4695051],[9.4611859,46.3758563],[9.4962684,46.3644374],[9.5495379,46.3023421],[9.6346724,46.2860002],[9.6769835,46.3031686],[9.7098321,46.2918122],[9.7368839,46.3507035],[9.7775246,46.3347927],[9.9063797,46.3807596],[9.9249881,46.3660668],[9.9527592,46.3793014],[9.9962877,46.3511702],[9.9799775,46.3231323],[10.0000553,46.3131759],[9.9959074,46.2849432],[10.0555243,46.2658412],[10.0606173,46.2482605],[10.043943,46.2296387],[10.0708307,46.2171555],[10.1323004,46.2248788],[10.1765029,46.2582769],[10.1059441,46.3421969],[10.1668839,46.4073848],[10.1431841,46.4283225],[10.0807996,46.4210606],[10.0420535,46.4427235],[10.0543439,46.4646302],[10.0439582,46.540118],[10.1007414,46.5827519],[10.1023501,46.6107195],[10.1927506,46.6259355],[10.2153152,46.6169502],[10.2388767,46.6353523],[10.2588761,46.6104438],[10.2462322,46.5747462],[10.2874589,46.5703447],[10.296064,46.5499758],[10.4182509,46.5513348],[10.4527897,46.530709],[10.4715543,46.5428645],[10.4922941,46.6151164],[10.4461258,46.6412769],[10.4013023,46.6371815],[10.3817965,46.6843049],[10.416068,46.7089985],[10.4006211,46.7337317],[10.4426021,46.7538396],[10.422719,46.7882424],[10.4665877,46.8360608],[10.4646828,46.8842734],[10.4893516,46.9377888],[10.426142,46.957465],[10.4265641,46.9756935],[10.384695,46.9999965],[10.3465112,46.9895904],[10.3278289,46.9539816],[10.3093489,46.9501997],[10.3160518,46.9251765],[10.2405831,46.9313701],[10.2257169,46.8959397],[10.2326652,46.8662925],[10.1052423,46.8408852],[10.0874505,46.8611963],[10.0511978,46.8639422],[10.0178184,46.9016148],[9.8761296,46.9346278],[9.8707312,46.9632091],[9.8923039,46.9903589],[9.8707338,47.0096536],[9.8762464,47.0212266],[9.8361195,47.012531],[9.6818398,47.0620979],[9.4810537,47.0560746],[9.5455826,46.9765673],[9.5202798,46.9714113],[9.4865233,46.935524],[9.4879923,46.9122928],[9.45254,46.874617],[9.2488895,46.9162714],[9.1999127,46.8806498],[9.1530041,46.8798352],[9.1123048,46.850564],[9.0949332,46.8708724],[9.0647082,46.8752091],[9.0090128,46.8111813],[8.9282782,46.796471],[8.8821472,46.8139715],[8.8281425,46.7921464],[8.8345695,46.7668561],[8.8185456,46.7624842],[8.8129787,46.7373147],[8.7819848,46.7283121],[8.7661104,46.7447833],[8.7430267,46.7155189],[8.6763262,46.6942145],[8.6786074,46.6642656],[8.6510632,46.6345886]]]}},{"type":"Feature","properties":{"name":"Aargau","country":"CH"},"geometry":{"type":"MultiPolygon","coordinates":[[[[7.7135285,47.5396438],[7.7898664,47.5190299],[7.7866331,47.4931251],[7.8319848,47.5147402],[7.8332163,47.5338276],[7.8573186,47.5332146],[7.9048309,47.4849118],[7.9470244,47.4848924],[7.9400366,47.4620234],[7.9742944,47.45955],[7.9859436,47.4241975],[7.9632079,47.4223564],[8.0265705,47.3956238],[8.0051995,47.3367527],[7.9479779,47.3171443],[7.9478386,47.3325181],[7.9085944,47.3419079],[7.8891052,47.3114896],[7.8606002,47.3057177],[7.8251138,47.2655748],[7.8383881,47.2349464],[7.9334899,47.2358969],[7.9618858,47.25406],[7.9506427,47.2747843],[7.9953007,47.2815545],[8.0157991,47.244134],[8.088361,47.2628853],[8.1244212,47.2413694],[8.1749106,47.2535367],[8.1760951,47.2405361],[8.15594,47.2378118],[8.185438,47.2224637],[8.2050613,47.2259874],[8.2285843,47.2734177],[8.2587186,47.2871936],[8.3002655,47.2714832],[8.3621789,47.1460979],[8.4140208,47.1427908],[8.3948456,47.2257346],[8.4109411,47.2467671],[8.3886464,47.2900271],[8.4291373,47.3006768],[8.4551109,47.3340833],[8.4132076,47.3263974],[8.3965674,47.3938629],[8.3627567,47.4016122],[8.3922636,47.4216867],[8.3750807,47.4306656],[8.386906,47.4495986],[8.3656863,47.4662144],[8.3741993,47.4804557],[8.3576934,47.5025251],[8.4174067,47.5458857],[8.4256792,47.5678595],[8.3292024,47.5710454],[8.2924634,47.6088852],[8.2265032,47.6050427],[8.2059635,47.6210694],[8.1098117,47.5825518],[8.0893075,47.5577144],[7.959886,47.5581315],[7.9441343,47.5438868],[7.9119627,47.550778],[7.8920737,47.5874286],[7.8230877,47.5879889],[7.7956885,47.5573798],[7.7135285,47.5396438]]],[[[8.4398452,47.409019],[8.4385215,47.4076154],[8.4403716,47.4085235],[8.4398452,47.409019]]]]}},{"type":"Feature","properties":{"name":"Thurgau","country":"CH"},"geometry":{"type":"MultiPolygon","coordinates":[[[[8.6679877,47.6771371],[8.7086867,47.6419089],[8.7471948,47.638647],[8.7885306,47.6653644],[8.8264369,47.6467497],[8.8028287,47.6011388],[8.7481175,47.6230444],[8.7393924,47.6080421],[8.7482189,47.5923105],[8.850965,47.5636108],[8.827884,47.5559835],[8.8408106,47.5326867],[8.8983322,47.5241748],[8.8976935,47.4851124],[8.880982,47.4747555],[8.9068257,47.438788],[8.9327268,47.4355414],[8.9077545,47.4313306],[8.903465,47.4020567],[8.9435351,47.3759151],[8.9887235,47.4112635],[8.9874682,47.429708],[9.0625622,47.4462408],[9.008213,47.4723692],[9.0124783,47.4899751],[9.082355,47.4952392],[9.1184831,47.4797256],[9.1692107,47.5039988],[9.2131888,47.4789088],[9.2986449,47.4772327],[9.3209729,47.4908314],[9.3081249,47.4982298],[9.3166065,47.509596],[9.3033517,47.5156622],[9.29156,47.5066644],[9.2687617,47.5116691],[9.3395809,47.5314507],[9.3563952,47.5195004],[9.3369147,47.5012833],[9.3740388,47.5003867],[9.3665292,47.4854561],[9.3969902,47.4749763],[9.4064974,47.4940636],[9.5069474,47.5497394],[9.3947139,47.6203261],[9.2565609,47.6587076],[9.1759711,47.6539842],[9.0236995,47.6868581],[8.8952377,47.6481356],[8.8493792,47.6510084],[8.8545607,47.6606775],[8.8306773,47.6744257],[8.7509126,47.6908136],[8.690163,47.6954183],[8.6679877,47.6771371]],[[9.3546137,47.5093772],[9.3569031,47.5118795],[9.358537,47.5085556],[9.3546137,47.5093772]]],[[[9.4480925,47.4980179],[9.4643842,47.4841432],[9.4835464,47.4937655],[9.4575633,47.5072504],[9.4480925,47.4980179]]]]}},{"type":"Feature","properties":{"name":"Tessin","country":"CH"},"geometry":{"type":"Polygon","coordinates":[[[8.38219,46.4595867],[8.4461263,46.4637015],[8.4659449,46.4443655],[8.4653463,46.3338484],[8.42775,46.2983151],[8.4557075,46.2643043],[8.4444634,46.2489583],[8.5325471,46.2183626],[8.5728743,46.1651288],[8.6034467,46.1549215],[8.5929672,46.1430192],[8.6118217,46.1217208],[8.6474783,46.123602],[8.713991,46.0972321],[8.7423429,46.1223112],[8.7600255,46.1015841],[8.8060228,46.1013511],[8.8520348,46.0756306],[8.8545039,46.0615864],[8.7858834,45.9890766],[8.8313229,45.988016],[8.8936571,45.958982],[8.8933121,45.9311849],[8.9453151,45.8670214],[8.9121469,45.830445],[8.9563184,45.8434814],[8.9974877,45.8349446],[8.9938727,45.8219619],[9.0340812,45.8226097],[9.0546518,45.8733638],[9.0890232,45.9006581],[9.0193572,45.9283683],[9.0139638,45.9605478],[8.9889923,45.9703426],[9.0284607,45.9936259],[9.0095249,46.0372876],[9.0771357,46.0641244],[9.0896151,46.0870156],[9.072505,46.1181016],[9.1209473,46.1345213],[9.1597023,46.1691176],[9.0868836,46.2142926],[9.0539166,46.292212],[9.0746949,46.3128316],[9.0664459,46.3363606],[9.0925867,46.357409],[9.0899434,46.4054293],[9.1030824,46.4127106],[9.0854176,46.4754072],[9.0466867,46.4805516],[9.022095,46.5122636],[9.0192558,46.5475407],[9.0438905,46.5833747],[9.0340991,46.6000241],[8.9953543,46.6117303],[8.9622081,46.6026404],[8.9527876,46.6324838],[8.9072959,46.6157084],[8.9112452,46.5887079],[8.8432339,46.5633559],[8.696659,46.5810727],[8.6346626,46.5643748],[8.6203529,46.5781349],[8.5392074,46.5867863],[8.5130602,46.558077],[8.5194731,46.5388742],[8.4826433,46.532392],[8.4430707,46.4953843],[8.3923781,46.4946466],[8.38219,46.4595867]],[[8.9585437,45.9648164],[8.9670775,45.9841493],[8.9774204,45.982877],[8.9756323,45.9616322],[8.9585437,45.9648164]]]}},{"type":"Feature","properties":{"name":"Waadt","country":"CH"},"geometry":{"type":"MultiPolygon","coordinates":[[[[6.0638575,46.4163903],[6.1604594,46.378749],[6.1699166,46.3660835],[6.125947,46.3161737],[6.1987424,46.2844295],[6.2323218,46.3304351],[6.174412,46.3623805],[6.2414321,46.3436679],[6.3352022,46.4037162],[6.4256323,46.4158069],[6.5191176,46.456368],[6.6818715,46.4543334],[6.8210701,46.4271574],[6.884775,46.3760682],[6.8944994,46.3415981],[6.9299019,46.3302108],[6.9372724,46.2972764],[7.0331883,46.1870679],[7.1062519,46.2110149],[7.1884263,46.2706654],[7.1890579,46.3038956],[7.2217297,46.3294194],[7.2300053,46.3619079],[7.1937166,46.378927],[7.2098667,46.416279],[7.1925415,46.4352231],[7.2323341,46.4539369],[7.2241725,46.4868767],[7.2491896,46.5211263],[7.2365128,46.5540674],[7.2076536,46.5329056],[7.1921777,46.5465571],[7.1029923,46.4878609],[7.0610898,46.4872734],[6.9874565,46.4379357],[6.9813247,46.4753879],[6.9542021,46.5019078],[6.8957194,46.5077297],[6.8966967,46.5204422],[6.8627644,46.4938442],[6.837838,46.4994865],[6.8108738,46.5251298],[6.8182773,46.5364942],[6.8610825,46.5306814],[6.9016508,46.5697244],[6.8845046,46.5619508],[6.8141065,46.5856653],[6.7949063,46.5753149],[6.7985541,46.6486048],[6.8658709,46.6589419],[6.8626915,46.6809465],[6.9363375,46.7339478],[6.9379664,46.7494706],[6.9082826,46.7574682],[6.9570895,46.7875933],[6.9651446,46.8282407],[6.9710133,46.8240547],[6.9834417,46.8219729],[6.9896952,46.8264056],[6.9769442,46.8605273],[6.9888953,46.8734599],[6.9617536,46.8839747],[6.9648834,46.8653917],[6.8962302,46.9254861],[6.8656901,46.9095751],[6.9210056,46.8713308],[6.891871,46.8649584],[6.9306249,46.8532424],[6.9073993,46.8341945],[6.9048859,46.80561],[6.9315219,46.804618],[6.9109938,46.7797095],[6.8590921,46.788003],[6.8253956,46.7728385],[6.7759835,46.7897516],[6.7872784,46.7996039],[6.7418691,46.8278756],[6.7798257,46.8529608],[6.7326254,46.8683895],[6.7401098,46.8948143],[6.7167011,46.9060767],[6.7208274,46.9360898],[6.6472244,46.9107015],[6.6271053,46.8887059],[6.4600321,46.8513034],[6.4310405,46.8123577],[6.4584146,46.7887769],[6.4381919,46.7617762],[6.2819931,46.6906735],[6.1265197,46.5899197],[6.1104724,46.5764387],[6.1566612,46.5452974],[6.0727304,46.4654405],[6.0864075,46.4439338],[6.0638575,46.4163903]],[[6.1713033,46.3405657],[6.1755639,46.3513262],[6.1844279,46.3458457],[6.1713033,46.3405657]],[[6.7486996,46.7318048],[6.7730139,46.7513623],[6.7862632,46.7476105],[6.7665924,46.7188382],[6.7486996,46.7318048]],[[6.7879104,46.7293627],[6.8163384,46.7383267],[6.8476246,46.7749355],[6.8820901,46.7498052],[6.861867,46.7245857],[6.7879104,46.7293627]],[[6.9710598,46.8260316],[6.97096,46.8273837],[6.9719975,46.8265828],[6.9710598,46.8260316]]],[[[6.9281962,46.9533978],[6.9866519,46.9196188],[6.9811651,46.909421],[7.009506,46.8890365],[6.9993331,46.8743296],[7.0356862,46.8733385],[7.0370568,46.8455783],[7.0934099,46.90579],[7.0578798,46.9386085],[7.0521392,46.9771263],[7.0024263,46.9869039],[6.9281962,46.9533978]]]]}},{"type":"Feature","properties":{"name":"Wallis","country":"CH"},"geometry":{"type":"Polygon","coordinates":[[[6.7706262,46.3554324],[6.8649972,46.2810809],[6.8038427,46.2048683],[6.8125574,46.1814205],[6.7917076,46.1628128],[6.7975693,46.13671],[6.9000083,46.1239403],[6.8720667,46.0510053],[6.8896966,46.0419678],[6.9375064,46.0642703],[6.9851712,46.004448],[7.0102969,45.9971029],[7.0236556,45.9781293],[7.0089702,45.9691722],[7.0369605,45.9552063],[7.0432584,45.9234138],[7.1015494,45.8591755],[7.1536499,45.8792714],[7.1967501,45.8604392],[7.2164189,45.8887288],[7.2567925,45.8882336],[7.2944371,45.9218133],[7.3857012,45.8970051],[7.4720149,45.9343621],[7.4992733,45.9624165],[7.5384457,45.9549047],[7.5459435,45.9838182],[7.5701212,45.9876787],[7.586981,45.9709264],[7.6642849,45.9756658],[7.709709,45.9482818],[7.7201307,45.9235819],[7.7476801,45.9410548],[7.7995537,45.9173285],[7.8635632,45.9167004],[7.8770798,45.9272119],[7.8778068,45.9732094],[7.908696,45.9969671],[7.989027,45.9960011],[8.0123972,46.0119878],[8.0118958,46.0312032],[8.0344676,46.0442302],[8.0216897,46.0695032],[8.0347232,46.1008515],[8.1082182,46.1116247],[8.1152611,46.1302395],[8.1540248,46.1462187],[8.1650665,46.1828638],[8.1388826,46.2261526],[8.0856718,46.2665507],[8.1381418,46.3019976],[8.2121063,46.309703],[8.2240826,46.3344678],[8.2627925,46.3460497],[8.2643072,46.3645257],[8.3127607,46.377162],[8.3156075,46.3989108],[8.2869708,46.4086852],[8.3037233,46.4233769],[8.3847171,46.4521587],[8.3923781,46.4946466],[8.4430707,46.4953843],[8.4784751,46.5267855],[8.4263173,46.547328],[8.4061408,46.5859648],[8.4219855,46.6478836],[8.398973,46.6540503],[8.3714122,46.6341155],[8.3506413,46.5683618],[8.2580618,46.5294428],[8.1806699,46.5203934],[8.0160552,46.5633252],[7.9630038,46.539403],[7.9676924,46.5128576],[7.89779,46.4825305],[7.8446273,46.4784867],[7.7155954,46.4148167],[7.6260856,46.4450853],[7.5957488,46.4112172],[7.5338963,46.4096971],[7.5286076,46.4002913],[7.5552666,46.3889833],[7.526966,46.3746245],[7.4386303,46.3861488],[7.3156452,46.3436615],[7.3102862,46.3751591],[7.1890579,46.3038956],[7.1884263,46.2706654],[7.1241673,46.2359268],[7.1110072,46.2138601],[7.0331883,46.1870679],[6.9372724,46.2972764],[6.9299019,46.3302108],[6.8944994,46.3415981],[6.884775,46.3760682],[6.8216776,46.4269697],[6.8054372,46.3784102],[6.7706262,46.3554324]]]}},{"type":"Feature","properties":{"name":"Neuenburg","country":"CH"},"geometry":{"type":"Polygon","coordinates":[[[6.4326552,46.9286841],[6.4645461,46.8902782],[6.4665207,46.8478333],[6.6271053,46.8887059],[6.6472244,46.9107015],[6.7208274,46.9360898],[6.7167011,46.9060767],[6.7401098,46.8948143],[6.7326254,46.8683895],[6.7798257,46.8529608],[6.9281962,46.9533978],[7.0024263,46.9869039],[7.0403441,46.9795231],[7.0251088,47.0060683],[7.0334846,47.0303369],[7.0876538,47.0597376],[7.077004,47.0759592],[7.0868208,47.0856941],[7.0287285,47.1036698],[7.0310752,47.1273168],[6.9298268,47.1125983],[6.8668615,47.0851193],[6.8888017,47.1311323],[6.8585948,47.1655078],[6.7405487,47.1096216],[6.7415779,47.090927],[6.7027289,47.0821393],[6.691507,47.0666743],[6.719171,47.0511828],[6.6591962,47.027343],[6.6335767,46.9981509],[6.4964842,46.9741445],[6.4326552,46.9286841]]]}},{"type":"Feature","properties":{"name":"Genf","country":"CH"},"geometry":{"type":"MultiPolygon","coordinates":[[[[5.955902,46.1323555],[5.9941117,46.1445684],[6.0353938,46.1343331],[6.0522631,46.1513428],[6.1364595,46.1415966],[6.2219466,46.2006645],[6.2946859,46.2251526],[6.3097618,46.2562236],[6.2601586,46.2516773],[6.23759,46.2775515],[6.2530017,46.2905031],[6.2447006,46.3040408],[6.219551,46.3118841],[6.1987424,46.2844295],[6.1243,46.3172811],[6.1023518,46.2849427],[6.1244671,46.2512533],[5.9745672,46.2150078],[5.9637155,46.1970214],[5.9949234,46.1818645],[5.955902,46.1323555]]],[[[6.1755639,46.3513262],[6.1713033,46.3405657],[6.1844279,46.3458457],[6.1755639,46.3513262]]],[[[6.1710991,46.3584009],[6.2323218,46.3304351],[6.2414321,46.3436679],[6.1802483,46.3645785],[6.1710991,46.3584009]]]]}},{"type":"Feature","properties":{"name":"Jura","country":"CH"},"geometry":{"type":"Polygon","coordinates":[[[6.8407303,47.1708014],[6.8719698,47.1741209],[6.8837226,47.1504093],[6.9521616,47.187351],[6.9807697,47.1742874],[7.0234483,47.1956998],[7.0598244,47.2427963],[7.1557833,47.2475406],[7.1431017,47.2594775],[7.1686781,47.2747275],[7.1637832,47.2940525],[7.3354515,47.2882746],[7.354013,47.2726612],[7.3366709,47.2679685],[7.3453506,47.2477551],[7.3917671,47.2559006],[7.3969215,47.2976698],[7.3425725,47.2935259],[7.3482086,47.3056775],[7.3786413,47.3149755],[7.496045,47.3021193],[7.5583459,47.3223652],[7.527758,47.3226761],[7.552201,47.3453097],[7.5237296,47.3720738],[7.4116675,47.3805898],[7.4145074,47.3942986],[7.327253,47.4400493],[7.2465513,47.4203408],[7.2334456,47.4386243],[7.1702035,47.4429827],[7.2012133,47.4942181],[7.1279794,47.5039313],[7.0748517,47.4881832],[7.0147479,47.5033047],[6.9826965,47.4939507],[7.0021819,47.4541635],[6.9402723,47.4333274],[6.9384341,47.4060812],[6.9132514,47.4045764],[6.8792929,47.3525759],[7.0154774,47.372915],[7.0623893,47.3441051],[7.0456441,47.3264955],[7.0099836,47.3245152],[7.0075646,47.3010096],[6.9410173,47.28669],[6.9556664,47.2431031],[6.8407303,47.1708014]]]}}]}